$date
    Sep 23, 2026  15:47:46
$end
$version
    TOOL:	xmsim(64)	22.03-s012
$end
$timescale
    1 ps
$end

$scope module tb_uart_tx $end
$var reg       1 !    clk $end
$var reg       1 "    rst_n $end
$var reg       8 #    i_tx_data [7:0] $end
$var reg       1 $    i_tx_start $end
$var wire      1 %    o_tx  $end
$var wire      1 &    o_tx_busy  $end
$var wire      1 '    o_tx_done  $end

$scope module u_uart_tx $end
$var wire      1 (    clk  $end
$var wire      1 )    rst_n  $end
$var wire      8 *    i_tx_data [7:0] $end
$var wire      1 +    i_tx_start  $end
$var wire      1 %    o_tx  $end
$var wire      1 &    o_tx_busy  $end
$var wire      1 '    o_tx_done  $end
$var parameter 32 ,    CLKS_PER_BIT $end
$var parameter  2 -    IDLE $end
$var parameter  2 .    START $end
$var parameter  2 /    DATA $end
$var parameter  2 0    STOP $end
$var reg       2 1    r_state [1:0] $end
$var reg       9 2    r_baud_cnt [8:0] $end
$var reg       3 3    r_bit_cnt [2:0] $end
$var reg       8 4    r_tx_data [7:0] $end
$var reg       1 5    r_tx $end
$var reg       1 6    r_tx_busy $end
$var reg       1 7    r_tx_done $end
$upscope $end

$upscope $end

$enddefinitions $end
$dumpvars
b11 0
b10 /
b1 .
b0 -
b110100001 ,
0!
0"
b0 #
0$
1%
0&
0'
0(
0)
b0 *
0+
b0 1
b0 2
b0 3
b0 4
15
06
07
$end
#10416
1!
1(
#20832
0!
0(
#31248
1!
1(
#41664
0!
0(
#52080
1!
1(
#62496
0!
0(
#72912
1!
1(
#83328
0!
0(
#93744
1!
1(
#100000
1"
1)
#104160
0!
0(
#114576
1!
1(
#124992
0!
0(
#135408
1!
1(
#145824
0!
0(
#156240
1!
1(
#166656
0!
0(
#177072
1!
1(
#187488
0!
0(
#197904
1!
1(
#208320
0!
0(
#218736
1!
1(
b1000001 #
1$
1+
b1000001 *
#229152
0!
0(
#239568
1!
1(
0$
b1000001 4
16
b1 1
0+
1&
#249984
0!
0(
#260400
1!
1(
05
b1 2
0%
#270816
0!
0(
#281232
1!
1(
b10 2
#291648
0!
0(
#302064
1!
1(
b11 2
#312480
0!
0(
#322896
1!
1(
b100 2
#333312
0!
0(
#343728
1!
1(
b101 2
#354144
0!
0(
#364560
1!
1(
b110 2
#374976
0!
0(
#385392
1!
1(
b111 2
#395808
0!
0(
#406224
1!
1(
b1000 2
#416640
0!
0(
#427056
1!
1(
b1001 2
#437472
0!
0(
#447888
1!
1(
b1010 2
#458304
0!
0(
#468720
1!
1(
b1011 2
#479136
0!
0(
#489552
1!
1(
b1100 2
#499968
0!
0(
#510384
1!
1(
b1101 2
#520800
0!
0(
#531216
1!
1(
b1110 2
#541632
0!
0(
#552048
1!
1(
b1111 2
#562464
0!
0(
#572880
1!
1(
b10000 2
#583296
0!
0(
#593712
1!
1(
b10001 2
#604128
0!
0(
#614544
1!
1(
b10010 2
#624960
0!
0(
#635376
1!
1(
b10011 2
#645792
0!
0(
#656208
1!
1(
b10100 2
#666624
0!
0(
#677040
1!
1(
b10101 2
#687456
0!
0(
#697872
1!
1(
b10110 2
#708288
0!
0(
#718704
1!
1(
b10111 2
#729120
0!
0(
#739536
1!
1(
b11000 2
#749952
0!
0(
#760368
1!
1(
b11001 2
#770784
0!
0(
#781200
1!
1(
b11010 2
#791616
0!
0(
#802032
1!
1(
b11011 2
#812448
0!
0(
#822864
1!
1(
b11100 2
#833280
0!
0(
#843696
1!
1(
b11101 2
#854112
0!
0(
#864528
1!
1(
b11110 2
#874944
0!
0(
#885360
1!
1(
b11111 2
#895776
0!
0(
#906192
1!
1(
b100000 2
#916608
0!
0(
#927024
1!
1(
b100001 2
#937440
0!
0(
#947856
1!
1(
b100010 2
#958272
0!
0(
#968688
1!
1(
b100011 2
#979104
0!
0(
#989520
1!
1(
b100100 2
#999936
0!
0(
#1010352
1!
1(
b100101 2
#1020768
0!
0(
#1031184
1!
1(
b100110 2
#1041600
0!
0(
#1052016
1!
1(
b100111 2
#1062432
0!
0(
#1072848
1!
1(
b101000 2
#1083264
0!
0(
#1093680
1!
1(
b101001 2
#1104096
0!
0(
#1114512
1!
1(
b101010 2
#1124928
0!
0(
#1135344
1!
1(
b101011 2
#1145760
0!
0(
#1156176
1!
1(
b101100 2
#1166592
0!
0(
#1177008
1!
1(
b101101 2
#1187424
0!
0(
#1197840
1!
1(
b101110 2
#1208256
0!
0(
#1218672
1!
1(
b101111 2
#1229088
0!
0(
#1239504
1!
1(
b110000 2
#1249920
0!
0(
#1260336
1!
1(
b110001 2
#1270752
0!
0(
#1281168
1!
1(
b110010 2
#1291584
0!
0(
#1302000
1!
1(
b110011 2
#1312416
0!
0(
#1322832
1!
1(
b110100 2
#1333248
0!
0(
#1343664
1!
1(
b110101 2
#1354080
0!
0(
#1364496
1!
1(
b110110 2
#1374912
0!
0(
#1385328
1!
1(
b110111 2
#1395744
0!
0(
#1406160
1!
1(
b111000 2
#1416576
0!
0(
#1426992
1!
1(
b111001 2
#1437408
0!
0(
#1447824
1!
1(
b111010 2
#1458240
0!
0(
#1468656
1!
1(
b111011 2
#1479072
0!
0(
#1489488
1!
1(
b111100 2
#1499904
0!
0(
#1510320
1!
1(
b111101 2
#1520736
0!
0(
#1531152
1!
1(
b111110 2
#1541568
0!
0(
#1551984
1!
1(
b111111 2
#1562400
0!
0(
#1572816
1!
1(
b1000000 2
#1583232
0!
0(
#1593648
1!
1(
b1000001 2
#1604064
0!
0(
#1614480
1!
1(
b1000010 2
#1624896
0!
0(
#1635312
1!
1(
b1000011 2
#1645728
0!
0(
#1656144
1!
1(
b1000100 2
#1666560
0!
0(
#1676976
1!
1(
b1000101 2
#1687392
0!
0(
#1697808
1!
1(
b1000110 2
#1708224
0!
0(
#1718640
1!
1(
b1000111 2
#1729056
0!
0(
#1739472
1!
1(
b1001000 2
#1749888
0!
0(
#1760304
1!
1(
b1001001 2
#1770720
0!
0(
#1781136
1!
1(
b1001010 2
#1791552
0!
0(
#1801968
1!
1(
b1001011 2
#1812384
0!
0(
#1822800
1!
1(
b1001100 2
#1833216
0!
0(
#1843632
1!
1(
b1001101 2
#1854048
0!
0(
#1864464
1!
1(
b1001110 2
#1874880
0!
0(
#1885296
1!
1(
b1001111 2
#1895712
0!
0(
#1906128
1!
1(
b1010000 2
#1916544
0!
0(
#1926960
1!
1(
b1010001 2
#1937376
0!
0(
#1947792
1!
1(
b1010010 2
#1958208
0!
0(
#1968624
1!
1(
b1010011 2
#1979040
0!
0(
#1989456
1!
1(
b1010100 2
#1999872
0!
0(
#2010288
1!
1(
b1010101 2
#2020704
0!
0(
#2031120
1!
1(
b1010110 2
#2041536
0!
0(
#2051952
1!
1(
b1010111 2
#2062368
0!
0(
#2072784
1!
1(
b1011000 2
#2083200
0!
0(
#2093616
1!
1(
b1011001 2
#2104032
0!
0(
#2114448
1!
1(
b1011010 2
#2124864
0!
0(
#2135280
1!
1(
b1011011 2
#2145696
0!
0(
#2156112
1!
1(
b1011100 2
#2166528
0!
0(
#2176944
1!
1(
b1011101 2
#2187360
0!
0(
#2197776
1!
1(
b1011110 2
#2208192
0!
0(
#2218608
1!
1(
b1011111 2
#2229024
0!
0(
#2239440
1!
1(
b1100000 2
#2249856
0!
0(
#2260272
1!
1(
b1100001 2
#2270688
0!
0(
#2281104
1!
1(
b1100010 2
#2291520
0!
0(
#2301936
1!
1(
b1100011 2
#2312352
0!
0(
#2322768
1!
1(
b1100100 2
#2333184
0!
0(
#2343600
1!
1(
b1100101 2
#2354016
0!
0(
#2364432
1!
1(
b1100110 2
#2374848
0!
0(
#2385264
1!
1(
b1100111 2
#2395680
0!
0(
#2406096
1!
1(
b1101000 2
#2416512
0!
0(
#2426928
1!
1(
b1101001 2
#2437344
0!
0(
#2447760
1!
1(
b1101010 2
#2458176
0!
0(
#2468592
1!
1(
b1101011 2
#2479008
0!
0(
#2489424
1!
1(
b1101100 2
#2499840
0!
0(
#2510256
1!
1(
b1101101 2
#2520672
0!
0(
#2531088
1!
1(
b1101110 2
#2541504
0!
0(
#2551920
1!
1(
b1101111 2
#2562336
0!
0(
#2572752
1!
1(
b1110000 2
#2583168
0!
0(
#2593584
1!
1(
b1110001 2
#2604000
0!
0(
#2614416
1!
1(
b1110010 2
#2624832
0!
0(
#2635248
1!
1(
b1110011 2
#2645664
0!
0(
#2656080
1!
1(
b1110100 2
#2666496
0!
0(
#2676912
1!
1(
b1110101 2
#2687328
0!
0(
#2697744
1!
1(
b1110110 2
#2708160
0!
0(
#2718576
1!
1(
b1110111 2
#2728992
0!
0(
#2739408
1!
1(
b1111000 2
#2749824
0!
0(
#2760240
1!
1(
b1111001 2
#2770656
0!
0(
#2781072
1!
1(
b1111010 2
#2791488
0!
0(
#2801904
1!
1(
b1111011 2
#2812320
0!
0(
#2822736
1!
1(
b1111100 2
#2833152
0!
0(
#2843568
1!
1(
b1111101 2
#2853984
0!
0(
#2864400
1!
1(
b1111110 2
#2874816
0!
0(
#2885232
1!
1(
b1111111 2
#2895648
0!
0(
#2906064
1!
1(
b10000000 2
#2916480
0!
0(
#2926896
1!
1(
b10000001 2
#2937312
0!
0(
#2947728
1!
1(
b10000010 2
#2958144
0!
0(
#2968560
1!
1(
b10000011 2
#2978976
0!
0(
#2989392
1!
1(
b10000100 2
#2999808
0!
0(
#3010224
1!
1(
b10000101 2
#3020640
0!
0(
#3031056
1!
1(
b10000110 2
#3041472
0!
0(
#3051888
1!
1(
b10000111 2
#3062304
0!
0(
#3072720
1!
1(
b10001000 2
#3083136
0!
0(
#3093552
1!
1(
b10001001 2
#3103968
0!
0(
#3114384
1!
1(
b10001010 2
#3124800
0!
0(
#3135216
1!
1(
b10001011 2
#3145632
0!
0(
#3156048
1!
1(
b10001100 2
#3166464
0!
0(
#3176880
1!
1(
b10001101 2
#3187296
0!
0(
#3197712
1!
1(
b10001110 2
#3208128
0!
0(
#3218544
1!
1(
b10001111 2
#3228960
0!
0(
#3239376
1!
1(
b10010000 2
#3249792
0!
0(
#3260208
1!
1(
b10010001 2
#3270624
0!
0(
#3281040
1!
1(
b10010010 2
#3291456
0!
0(
#3301872
1!
1(
b10010011 2
#3312288
0!
0(
#3322704
1!
1(
b10010100 2
#3333120
0!
0(
#3343536
1!
1(
b10010101 2
#3353952
0!
0(
#3364368
1!
1(
b10010110 2
#3374784
0!
0(
#3385200
1!
1(
b10010111 2
#3395616
0!
0(
#3406032
1!
1(
b10011000 2
#3416448
0!
0(
#3426864
1!
1(
b10011001 2
#3437280
0!
0(
#3447696
1!
1(
b10011010 2
#3458112
0!
0(
#3468528
1!
1(
b10011011 2
#3478944
0!
0(
#3489360
1!
1(
b10011100 2
#3499776
0!
0(
#3510192
1!
1(
b10011101 2
#3520608
0!
0(
#3531024
1!
1(
b10011110 2
#3541440
0!
0(
#3551856
1!
1(
b10011111 2
#3562272
0!
0(
#3572688
1!
1(
b10100000 2
#3583104
0!
0(
#3593520
1!
1(
b10100001 2
#3603936
0!
0(
#3614352
1!
1(
b10100010 2
#3624768
0!
0(
#3635184
1!
1(
b10100011 2
#3645600
0!
0(
#3656016
1!
1(
b10100100 2
#3666432
0!
0(
#3676848
1!
1(
b10100101 2
#3687264
0!
0(
#3697680
1!
1(
b10100110 2
#3708096
0!
0(
#3718512
1!
1(
b10100111 2
#3728928
0!
0(
#3739344
1!
1(
b10101000 2
#3749760
0!
0(
#3760176
1!
1(
b10101001 2
#3770592
0!
0(
#3781008
1!
1(
b10101010 2
#3791424
0!
0(
#3801840
1!
1(
b10101011 2
#3812256
0!
0(
#3822672
1!
1(
b10101100 2
#3833088
0!
0(
#3843504
1!
1(
b10101101 2
#3853920
0!
0(
#3864336
1!
1(
b10101110 2
#3874752
0!
0(
#3885168
1!
1(
b10101111 2
#3895584
0!
0(
#3906000
1!
1(
b10110000 2
#3916416
0!
0(
#3926832
1!
1(
b10110001 2
#3937248
0!
0(
#3947664
1!
1(
b10110010 2
#3958080
0!
0(
#3968496
1!
1(
b10110011 2
#3978912
0!
0(
#3989328
1!
1(
b10110100 2
#3999744
0!
0(
#4010160
1!
1(
b10110101 2
#4020576
0!
0(
#4030992
1!
1(
b10110110 2
#4041408
0!
0(
#4051824
1!
1(
b10110111 2
#4062240
0!
0(
#4072656
1!
1(
b10111000 2
#4083072
0!
0(
#4093488
1!
1(
b10111001 2
#4103904
0!
0(
#4114320
1!
1(
b10111010 2
#4124736
0!
0(
#4135152
1!
1(
b10111011 2
#4145568
0!
0(
#4155984
1!
1(
b10111100 2
#4166400
0!
0(
#4176816
1!
1(
b10111101 2
#4187232
0!
0(
#4197648
1!
1(
b10111110 2
#4208064
0!
0(
#4218480
1!
1(
b10111111 2
#4228896
0!
0(
#4239312
1!
1(
b11000000 2
#4249728
0!
0(
#4260144
1!
1(
b11000001 2
#4270560
0!
0(
#4280976
1!
1(
b11000010 2
#4291392
0!
0(
#4301808
1!
1(
b11000011 2
#4312224
0!
0(
#4322640
1!
1(
b11000100 2
#4333056
0!
0(
#4343472
1!
1(
b11000101 2
#4353888
0!
0(
#4364304
1!
1(
b11000110 2
#4374720
0!
0(
#4385136
1!
1(
b11000111 2
#4395552
0!
0(
#4405968
1!
1(
b11001000 2
#4416384
0!
0(
#4426800
1!
1(
b11001001 2
#4437216
0!
0(
#4447632
1!
1(
b11001010 2
#4458048
0!
0(
#4468464
1!
1(
b11001011 2
#4478880
0!
0(
#4489296
1!
1(
b11001100 2
#4499712
0!
0(
#4510128
1!
1(
b11001101 2
#4520544
0!
0(
#4530960
1!
1(
b11001110 2
#4541376
0!
0(
#4551792
1!
1(
b11001111 2
#4562208
0!
0(
#4572624
1!
1(
b11010000 2
#4583040
0!
0(
#4593456
1!
1(
b11010001 2
#4603872
0!
0(
#4614288
1!
1(
b11010010 2
#4624704
0!
0(
#4635120
1!
1(
b11010011 2
#4645536
0!
0(
#4655952
1!
1(
b11010100 2
#4666368
0!
0(
#4676784
1!
1(
b11010101 2
#4687200
0!
0(
#4697616
1!
1(
b11010110 2
#4708032
0!
0(
#4718448
1!
1(
b11010111 2
#4728864
0!
0(
#4739280
1!
1(
b11011000 2
#4749696
0!
0(
#4760112
1!
1(
b11011001 2
#4770528
0!
0(
#4780944
1!
1(
b11011010 2
#4791360
0!
0(
#4801776
1!
1(
b11011011 2
#4812192
0!
0(
#4822608
1!
1(
b11011100 2
#4833024
0!
0(
#4843440
1!
1(
b11011101 2
#4853856
0!
0(
#4864272
1!
1(
b11011110 2
#4874688
0!
0(
#4885104
1!
1(
b11011111 2
#4895520
0!
0(
#4905936
1!
1(
b11100000 2
#4916352
0!
0(
#4926768
1!
1(
b11100001 2
#4937184
0!
0(
#4947600
1!
1(
b11100010 2
#4958016
0!
0(
#4968432
1!
1(
b11100011 2
#4978848
0!
0(
#4989264
1!
1(
b11100100 2
#4999680
0!
0(
#5010096
1!
1(
b11100101 2
#5020512
0!
0(
#5030928
1!
1(
b11100110 2
#5041344
0!
0(
#5051760
1!
1(
b11100111 2
#5062176
0!
0(
#5072592
1!
1(
b11101000 2
#5083008
0!
0(
#5093424
1!
1(
b11101001 2
#5103840
0!
0(
#5114256
1!
1(
b11101010 2
#5124672
0!
0(
#5135088
1!
1(
b11101011 2
#5145504
0!
0(
#5155920
1!
1(
b11101100 2
#5166336
0!
0(
#5176752
1!
1(
b11101101 2
#5187168
0!
0(
#5197584
1!
1(
b11101110 2
#5208000
0!
0(
#5218416
1!
1(
b11101111 2
#5228832
0!
0(
#5239248
1!
1(
b11110000 2
#5249664
0!
0(
#5260080
1!
1(
b11110001 2
#5270496
0!
0(
#5280912
1!
1(
b11110010 2
#5291328
0!
0(
#5301744
1!
1(
b11110011 2
#5312160
0!
0(
#5322576
1!
1(
b11110100 2
#5332992
0!
0(
#5343408
1!
1(
b11110101 2
#5353824
0!
0(
#5364240
1!
1(
b11110110 2
#5374656
0!
0(
#5385072
1!
1(
b11110111 2
#5395488
0!
0(
#5405904
1!
1(
b11111000 2
#5416320
0!
0(
#5426736
1!
1(
b11111001 2
#5437152
0!
0(
#5447568
1!
1(
b11111010 2
#5457984
0!
0(
#5468400
1!
1(
b11111011 2
#5478816
0!
0(
#5489232
1!
1(
b11111100 2
#5499648
0!
0(
#5510064
1!
1(
b11111101 2
#5520480
0!
0(
#5530896
1!
1(
b11111110 2
#5541312
0!
0(
#5551728
1!
1(
b11111111 2
#5562144
0!
0(
#5572560
1!
1(
b100000000 2
#5582976
0!
0(
#5593392
1!
1(
b100000001 2
#5603808
0!
0(
#5614224
1!
1(
b100000010 2
#5624640
0!
0(
#5635056
1!
1(
b100000011 2
#5645472
0!
0(
#5655888
1!
1(
b100000100 2
#5666304
0!
0(
#5676720
1!
1(
b100000101 2
#5687136
0!
0(
#5697552
1!
1(
b100000110 2
#5707968
0!
0(
#5718384
1!
1(
b100000111 2
#5728800
0!
0(
#5739216
1!
1(
b100001000 2
#5749632
0!
0(
#5760048
1!
1(
b100001001 2
#5770464
0!
0(
#5780880
1!
1(
b100001010 2
#5791296
0!
0(
#5801712
1!
1(
b100001011 2
#5812128
0!
0(
#5822544
1!
1(
b100001100 2
#5832960
0!
0(
#5843376
1!
1(
b100001101 2
#5853792
0!
0(
#5864208
1!
1(
b100001110 2
#5874624
0!
0(
#5885040
1!
1(
b100001111 2
#5895456
0!
0(
#5905872
1!
1(
b100010000 2
#5916288
0!
0(
#5926704
1!
1(
b100010001 2
#5937120
0!
0(
#5947536
1!
1(
b100010010 2
#5957952
0!
0(
#5968368
1!
1(
b100010011 2
#5978784
0!
0(
#5989200
1!
1(
b100010100 2
#5999616
0!
0(
#6010032
1!
1(
b100010101 2
#6020448
0!
0(
#6030864
1!
1(
b100010110 2
#6041280
0!
0(
#6051696
1!
1(
b100010111 2
#6062112
0!
0(
#6072528
1!
1(
b100011000 2
#6082944
0!
0(
#6093360
1!
1(
b100011001 2
#6103776
0!
0(
#6114192
1!
1(
b100011010 2
#6124608
0!
0(
#6135024
1!
1(
b100011011 2
#6145440
0!
0(
#6155856
1!
1(
b100011100 2
#6166272
0!
0(
#6176688
1!
1(
b100011101 2
#6187104
0!
0(
#6197520
1!
1(
b100011110 2
#6207936
0!
0(
#6218352
1!
1(
b100011111 2
#6228768
0!
0(
#6239184
1!
1(
b100100000 2
#6249600
0!
0(
#6260016
1!
1(
b100100001 2
#6270432
0!
0(
#6280848
1!
1(
b100100010 2
#6291264
0!
0(
#6301680
1!
1(
b100100011 2
#6312096
0!
0(
#6322512
1!
1(
b100100100 2
#6332928
0!
0(
#6343344
1!
1(
b100100101 2
#6353760
0!
0(
#6364176
1!
1(
b100100110 2
#6374592
0!
0(
#6385008
1!
1(
b100100111 2
#6395424
0!
0(
#6405840
1!
1(
b100101000 2
#6416256
0!
0(
#6426672
1!
1(
b100101001 2
#6437088
0!
0(
#6447504
1!
1(
b100101010 2
#6457920
0!
0(
#6468336
1!
1(
b100101011 2
#6478752
0!
0(
#6489168
1!
1(
b100101100 2
#6499584
0!
0(
#6510000
1!
1(
b100101101 2
#6520416
0!
0(
#6530832
1!
1(
b100101110 2
#6541248
0!
0(
#6551664
1!
1(
b100101111 2
#6562080
0!
0(
#6572496
1!
1(
b100110000 2
#6582912
0!
0(
#6593328
1!
1(
b100110001 2
#6603744
0!
0(
#6614160
1!
1(
b100110010 2
#6624576
0!
0(
#6634992
1!
1(
b100110011 2
#6645408
0!
0(
#6655824
1!
1(
b100110100 2
#6666240
0!
0(
#6676656
1!
1(
b100110101 2
#6687072
0!
0(
#6697488
1!
1(
b100110110 2
#6707904
0!
0(
#6718320
1!
1(
b100110111 2
#6728736
0!
0(
#6739152
1!
1(
b100111000 2
#6749568
0!
0(
#6759984
1!
1(
b100111001 2
#6770400
0!
0(
#6780816
1!
1(
b100111010 2
#6791232
0!
0(
#6801648
1!
1(
b100111011 2
#6812064
0!
0(
#6822480
1!
1(
b100111100 2
#6832896
0!
0(
#6843312
1!
1(
b100111101 2
#6853728
0!
0(
#6864144
1!
1(
b100111110 2
#6874560
0!
0(
#6884976
1!
1(
b100111111 2
#6895392
0!
0(
#6905808
1!
1(
b101000000 2
#6916224
0!
0(
#6926640
1!
1(
b101000001 2
#6937056
0!
0(
#6947472
1!
1(
b101000010 2
#6957888
0!
0(
#6968304
1!
1(
b101000011 2
#6978720
0!
0(
#6989136
1!
1(
b101000100 2
#6999552
0!
0(
#7009968
1!
1(
b101000101 2
#7020384
0!
0(
#7030800
1!
1(
b101000110 2
#7041216
0!
0(
#7051632
1!
1(
b101000111 2
#7062048
0!
0(
#7072464
1!
1(
b101001000 2
#7082880
0!
0(
#7093296
1!
1(
b101001001 2
#7103712
0!
0(
#7114128
1!
1(
b101001010 2
#7124544
0!
0(
#7134960
1!
1(
b101001011 2
#7145376
0!
0(
#7155792
1!
1(
b101001100 2
#7166208
0!
0(
#7176624
1!
1(
b101001101 2
#7187040
0!
0(
#7197456
1!
1(
b101001110 2
#7207872
0!
0(
#7218288
1!
1(
b101001111 2
#7228704
0!
0(
#7239120
1!
1(
b101010000 2
#7249536
0!
0(
#7259952
1!
1(
b101010001 2
#7270368
0!
0(
#7280784
1!
1(
b101010010 2
#7291200
0!
0(
#7301616
1!
1(
b101010011 2
#7312032
0!
0(
#7322448
1!
1(
b101010100 2
#7332864
0!
0(
#7343280
1!
1(
b101010101 2
#7353696
0!
0(
#7364112
1!
1(
b101010110 2
#7374528
0!
0(
#7384944
1!
1(
b101010111 2
#7395360
0!
0(
#7405776
1!
1(
b101011000 2
#7416192
0!
0(
#7426608
1!
1(
b101011001 2
#7437024
0!
0(
#7447440
1!
1(
b101011010 2
#7457856
0!
0(
#7468272
1!
1(
b101011011 2
#7478688
0!
0(
#7489104
1!
1(
b101011100 2
#7499520
0!
0(
#7509936
1!
1(
b101011101 2
#7520352
0!
0(
#7530768
1!
1(
b101011110 2
#7541184
0!
0(
#7551600
1!
1(
b101011111 2
#7562016
0!
0(
#7572432
1!
1(
b101100000 2
#7582848
0!
0(
#7593264
1!
1(
b101100001 2
#7603680
0!
0(
#7614096
1!
1(
b101100010 2
#7624512
0!
0(
#7634928
1!
1(
b101100011 2
#7645344
0!
0(
#7655760
1!
1(
b101100100 2
#7666176
0!
0(
#7676592
1!
1(
b101100101 2
#7687008
0!
0(
#7697424
1!
1(
b101100110 2
#7707840
0!
0(
#7718256
1!
1(
b101100111 2
#7728672
0!
0(
#7739088
1!
1(
b101101000 2
#7749504
0!
0(
#7759920
1!
1(
b101101001 2
#7770336
0!
0(
#7780752
1!
1(
b101101010 2
#7791168
0!
0(
#7801584
1!
1(
b101101011 2
#7812000
0!
0(
#7822416
1!
1(
b101101100 2
#7832832
0!
0(
#7843248
1!
1(
b101101101 2
#7853664
0!
0(
#7864080
1!
1(
b101101110 2
#7874496
0!
0(
#7884912
1!
1(
b101101111 2
#7895328
0!
0(
#7905744
1!
1(
b101110000 2
#7916160
0!
0(
#7926576
1!
1(
b101110001 2
#7936992
0!
0(
#7947408
1!
1(
b101110010 2
#7957824
0!
0(
#7968240
1!
1(
b101110011 2
#7978656
0!
0(
#7989072
1!
1(
b101110100 2
#7999488
0!
0(
#8009904
1!
1(
b101110101 2
#8020320
0!
0(
#8030736
1!
1(
b101110110 2
#8041152
0!
0(
#8051568
1!
1(
b101110111 2
#8061984
0!
0(
#8072400
1!
1(
b101111000 2
#8082816
0!
0(
#8093232
1!
1(
b101111001 2
#8103648
0!
0(
#8114064
1!
1(
b101111010 2
#8124480
0!
0(
#8134896
1!
1(
b101111011 2
#8145312
0!
0(
#8155728
1!
1(
b101111100 2
#8166144
0!
0(
#8176560
1!
1(
b101111101 2
#8186976
0!
0(
#8197392
1!
1(
b101111110 2
#8207808
0!
0(
#8218224
1!
1(
b101111111 2
#8228640
0!
0(
#8239056
1!
1(
b110000000 2
#8249472
0!
0(
#8259888
1!
1(
b110000001 2
#8270304
0!
0(
#8280720
1!
1(
b110000010 2
#8291136
0!
0(
#8301552
1!
1(
b110000011 2
#8311968
0!
0(
#8322384
1!
1(
b110000100 2
#8332800
0!
0(
#8343216
1!
1(
b110000101 2
#8353632
0!
0(
#8364048
1!
1(
b110000110 2
#8374464
0!
0(
#8384880
1!
1(
b110000111 2
#8395296
0!
0(
#8405712
1!
1(
b110001000 2
#8416128
0!
0(
#8426544
1!
1(
b110001001 2
#8436960
0!
0(
#8447376
1!
1(
b110001010 2
#8457792
0!
0(
#8468208
1!
1(
b110001011 2
#8478624
0!
0(
#8489040
1!
1(
b110001100 2
#8499456
0!
0(
#8509872
1!
1(
b110001101 2
#8520288
0!
0(
#8530704
1!
1(
b110001110 2
#8541120
0!
0(
#8551536
1!
1(
b110001111 2
#8561952
0!
0(
#8572368
1!
1(
b110010000 2
#8582784
0!
0(
#8593200
1!
1(
b110010001 2
#8603616
0!
0(
#8614032
1!
1(
b110010010 2
#8624448
0!
0(
#8634864
1!
1(
b110010011 2
#8645280
0!
0(
#8655696
1!
1(
b110010100 2
#8666112
0!
0(
#8676528
1!
1(
b110010101 2
#8686944
0!
0(
#8697360
1!
1(
b110010110 2
#8707776
0!
0(
#8718192
1!
1(
b110010111 2
#8728608
0!
0(
#8739024
1!
1(
b110011000 2
#8749440
0!
0(
#8759856
1!
1(
b110011001 2
#8770272
0!
0(
#8780688
1!
1(
b110011010 2
#8791104
0!
0(
#8801520
1!
1(
b110011011 2
#8811936
0!
0(
#8822352
1!
1(
b110011100 2
#8832768
0!
0(
#8843184
1!
1(
b110011101 2
#8853600
0!
0(
#8864016
1!
1(
b110011110 2
#8874432
0!
0(
#8884848
1!
1(
b110011111 2
#8895264
0!
0(
#8905680
1!
1(
b110100000 2
#8916096
0!
0(
#8926512
1!
1(
b0 2
b10 1
#8936928
0!
0(
#8947344
1!
1(
15
b1 2
1%
#8957760
0!
0(
#8968176
1!
1(
b10 2
#8978592
0!
0(
#8989008
1!
1(
b11 2
#8999424
0!
0(
#9009840
1!
1(
b100 2
#9020256
0!
0(
#9030672
1!
1(
b101 2
#9041088
0!
0(
#9051504
1!
1(
b110 2
#9061920
0!
0(
#9072336
1!
1(
b111 2
#9082752
0!
0(
#9093168
1!
1(
b1000 2
#9103584
0!
0(
#9114000
1!
1(
b1001 2
#9124416
0!
0(
#9134832
1!
1(
b1010 2
#9145248
0!
0(
#9155664
1!
1(
b1011 2
#9166080
0!
0(
#9176496
1!
1(
b1100 2
#9186912
0!
0(
#9197328
1!
1(
b1101 2
#9207744
0!
0(
#9218160
1!
1(
b1110 2
#9228576
0!
0(
#9238992
1!
1(
b1111 2
#9249408
0!
0(
#9259824
1!
1(
b10000 2
#9270240
0!
0(
#9280656
1!
1(
b10001 2
#9291072
0!
0(
#9301488
1!
1(
b10010 2
#9311904
0!
0(
#9322320
1!
1(
b10011 2
#9332736
0!
0(
#9343152
1!
1(
b10100 2
#9353568
0!
0(
#9363984
1!
1(
b10101 2
#9374400
0!
0(
#9384816
1!
1(
b10110 2
#9395232
0!
0(
#9405648
1!
1(
b10111 2
#9416064
0!
0(
#9426480
1!
1(
b11000 2
#9436896
0!
0(
#9447312
1!
1(
b11001 2
#9457728
0!
0(
#9468144
1!
1(
b11010 2
#9478560
0!
0(
#9488976
1!
1(
b11011 2
#9499392
0!
0(
#9509808
1!
1(
b11100 2
#9520224
0!
0(
#9530640
1!
1(
b11101 2
#9541056
0!
0(
#9551472
1!
1(
b11110 2
#9561888
0!
0(
#9572304
1!
1(
b11111 2
#9582720
0!
0(
#9593136
1!
1(
b100000 2
#9603552
0!
0(
#9613968
1!
1(
b100001 2
#9624384
0!
0(
#9634800
1!
1(
b100010 2
#9645216
0!
0(
#9655632
1!
1(
b100011 2
#9666048
0!
0(
#9676464
1!
1(
b100100 2
#9686880
0!
0(
#9697296
1!
1(
b100101 2
#9707712
0!
0(
#9718128
1!
1(
b100110 2
#9728544
0!
0(
#9738960
1!
1(
b100111 2
#9749376
0!
0(
#9759792
1!
1(
b101000 2
#9770208
0!
0(
#9780624
1!
1(
b101001 2
#9791040
0!
0(
#9801456
1!
1(
b101010 2
#9811872
0!
0(
#9822288
1!
1(
b101011 2
#9832704
0!
0(
#9843120
1!
1(
b101100 2
#9853536
0!
0(
#9863952
1!
1(
b101101 2
#9874368
0!
0(
#9884784
1!
1(
b101110 2
#9895200
0!
0(
#9905616
1!
1(
b101111 2
#9916032
0!
0(
#9926448
1!
1(
b110000 2
#9936864
0!
0(
#9947280
1!
1(
b110001 2
#9957696
0!
0(
#9968112
1!
1(
b110010 2
#9978528
0!
0(
#9988944
1!
1(
b110011 2
#9999360
0!
0(
#10009776
1!
1(
b110100 2
#10020192
0!
0(
#10030608
1!
1(
b110101 2
#10041024
0!
0(
#10051440
1!
1(
b110110 2
#10061856
0!
0(
#10072272
1!
1(
b110111 2
#10082688
0!
0(
#10093104
1!
1(
b111000 2
#10103520
0!
0(
#10113936
1!
1(
b111001 2
#10124352
0!
0(
#10134768
1!
1(
b111010 2
#10145184
0!
0(
#10155600
1!
1(
b111011 2
#10166016
0!
0(
#10176432
1!
1(
b111100 2
#10186848
0!
0(
#10197264
1!
1(
b111101 2
#10207680
0!
0(
#10218096
1!
1(
b111110 2
#10228512
0!
0(
#10238928
1!
1(
b111111 2
#10249344
0!
0(
#10259760
1!
1(
b1000000 2
#10270176
0!
0(
#10280592
1!
1(
b1000001 2
#10291008
0!
0(
#10301424
1!
1(
b1000010 2
#10311840
0!
0(
#10322256
1!
1(
b1000011 2
#10332672
0!
0(
#10343088
1!
1(
b1000100 2
#10353504
0!
0(
#10363920
1!
1(
b1000101 2
#10374336
0!
0(
#10384752
1!
1(
b1000110 2
#10395168
0!
0(
#10405584
1!
1(
b1000111 2
#10416000
0!
0(
#10426416
1!
1(
b1001000 2
#10436832
0!
0(
#10447248
1!
1(
b1001001 2
#10457664
0!
0(
#10468080
1!
1(
b1001010 2
#10478496
0!
0(
#10488912
1!
1(
b1001011 2
#10499328
0!
0(
#10509744
1!
1(
b1001100 2
#10520160
0!
0(
#10530576
1!
1(
b1001101 2
#10540992
0!
0(
#10551408
1!
1(
b1001110 2
#10561824
0!
0(
#10572240
1!
1(
b1001111 2
#10582656
0!
0(
#10593072
1!
1(
b1010000 2
#10603488
0!
0(
#10613904
1!
1(
b1010001 2
#10624320
0!
0(
#10634736
1!
1(
b1010010 2
#10645152
0!
0(
#10655568
1!
1(
b1010011 2
#10665984
0!
0(
#10676400
1!
1(
b1010100 2
#10686816
0!
0(
#10697232
1!
1(
b1010101 2
#10707648
0!
0(
#10718064
1!
1(
b1010110 2
#10728480
0!
0(
#10738896
1!
1(
b1010111 2
#10749312
0!
0(
#10759728
1!
1(
b1011000 2
#10770144
0!
0(
#10780560
1!
1(
b1011001 2
#10790976
0!
0(
#10801392
1!
1(
b1011010 2
#10811808
0!
0(
#10822224
1!
1(
b1011011 2
#10832640
0!
0(
#10843056
1!
1(
b1011100 2
#10853472
0!
0(
#10863888
1!
1(
b1011101 2
#10874304
0!
0(
#10884720
1!
1(
b1011110 2
#10895136
0!
0(
#10905552
1!
1(
b1011111 2
#10915968
0!
0(
#10926384
1!
1(
b1100000 2
#10936800
0!
0(
#10947216
1!
1(
b1100001 2
#10957632
0!
0(
#10968048
1!
1(
b1100010 2
#10978464
0!
0(
#10988880
1!
1(
b1100011 2
#10999296
0!
0(
#11009712
1!
1(
b1100100 2
#11020128
0!
0(
#11030544
1!
1(
b1100101 2
#11040960
0!
0(
#11051376
1!
1(
b1100110 2
#11061792
0!
0(
#11072208
1!
1(
b1100111 2
#11082624
0!
0(
#11093040
1!
1(
b1101000 2
#11103456
0!
0(
#11113872
1!
1(
b1101001 2
#11124288
0!
0(
#11134704
1!
1(
b1101010 2
#11145120
0!
0(
#11155536
1!
1(
b1101011 2
#11165952
0!
0(
#11176368
1!
1(
b1101100 2
#11186784
0!
0(
#11197200
1!
1(
b1101101 2
#11207616
0!
0(
#11218032
1!
1(
b1101110 2
#11228448
0!
0(
#11238864
1!
1(
b1101111 2
#11249280
0!
0(
#11259696
1!
1(
b1110000 2
#11270112
0!
0(
#11280528
1!
1(
b1110001 2
#11290944
0!
0(
#11301360
1!
1(
b1110010 2
#11311776
0!
0(
#11322192
1!
1(
b1110011 2
#11332608
0!
0(
#11343024
1!
1(
b1110100 2
#11353440
0!
0(
#11363856
1!
1(
b1110101 2
#11374272
0!
0(
#11384688
1!
1(
b1110110 2
#11395104
0!
0(
#11405520
1!
1(
b1110111 2
#11415936
0!
0(
#11426352
1!
1(
b1111000 2
#11436768
0!
0(
#11447184
1!
1(
b1111001 2
#11457600
0!
0(
#11468016
1!
1(
b1111010 2
#11478432
0!
0(
#11488848
1!
1(
b1111011 2
#11499264
0!
0(
#11509680
1!
1(
b1111100 2
#11520096
0!
0(
#11530512
1!
1(
b1111101 2
#11540928
0!
0(
#11551344
1!
1(
b1111110 2
#11561760
0!
0(
#11572176
1!
1(
b1111111 2
#11582592
0!
0(
#11593008
1!
1(
b10000000 2
#11603424
0!
0(
#11613840
1!
1(
b10000001 2
#11624256
0!
0(
#11634672
1!
1(
b10000010 2
#11645088
0!
0(
#11655504
1!
1(
b10000011 2
#11665920
0!
0(
#11676336
1!
1(
b10000100 2
#11686752
0!
0(
#11697168
1!
1(
b10000101 2
#11707584
0!
0(
#11718000
1!
1(
b10000110 2
#11728416
0!
0(
#11738832
1!
1(
b10000111 2
#11749248
0!
0(
#11759664
1!
1(
b10001000 2
#11770080
0!
0(
#11780496
1!
1(
b10001001 2
#11790912
0!
0(
#11801328
1!
1(
b10001010 2
#11811744
0!
0(
#11822160
1!
1(
b10001011 2
#11832576
0!
0(
#11842992
1!
1(
b10001100 2
#11853408
0!
0(
#11863824
1!
1(
b10001101 2
#11874240
0!
0(
#11884656
1!
1(
b10001110 2
#11895072
0!
0(
#11905488
1!
1(
b10001111 2
#11915904
0!
0(
#11926320
1!
1(
b10010000 2
#11936736
0!
0(
#11947152
1!
1(
b10010001 2
#11957568
0!
0(
#11967984
1!
1(
b10010010 2
#11978400
0!
0(
#11988816
1!
1(
b10010011 2
#11999232
0!
0(
#12009648
1!
1(
b10010100 2
#12020064
0!
0(
#12030480
1!
1(
b10010101 2
#12040896
0!
0(
#12051312
1!
1(
b10010110 2
#12061728
0!
0(
#12072144
1!
1(
b10010111 2
#12082560
0!
0(
#12092976
1!
1(
b10011000 2
#12103392
0!
0(
#12113808
1!
1(
b10011001 2
#12124224
0!
0(
#12134640
1!
1(
b10011010 2
#12145056
0!
0(
#12155472
1!
1(
b10011011 2
#12165888
0!
0(
#12176304
1!
1(
b10011100 2
#12186720
0!
0(
#12197136
1!
1(
b10011101 2
#12207552
0!
0(
#12217968
1!
1(
b10011110 2
#12228384
0!
0(
#12238800
1!
1(
b10011111 2
#12249216
0!
0(
#12259632
1!
1(
b10100000 2
#12270048
0!
0(
#12280464
1!
1(
b10100001 2
#12290880
0!
0(
#12301296
1!
1(
b10100010 2
#12311712
0!
0(
#12322128
1!
1(
b10100011 2
#12332544
0!
0(
#12342960
1!
1(
b10100100 2
#12353376
0!
0(
#12363792
1!
1(
b10100101 2
#12374208
0!
0(
#12384624
1!
1(
b10100110 2
#12395040
0!
0(
#12405456
1!
1(
b10100111 2
#12415872
0!
0(
#12426288
1!
1(
b10101000 2
#12436704
0!
0(
#12447120
1!
1(
b10101001 2
#12457536
0!
0(
#12467952
1!
1(
b10101010 2
#12478368
0!
0(
#12488784
1!
1(
b10101011 2
#12499200
0!
0(
#12509616
1!
1(
b10101100 2
#12520032
0!
0(
#12530448
1!
1(
b10101101 2
#12540864
0!
0(
#12551280
1!
1(
b10101110 2
#12561696
0!
0(
#12572112
1!
1(
b10101111 2
#12582528
0!
0(
#12592944
1!
1(
b10110000 2
#12603360
0!
0(
#12613776
1!
1(
b10110001 2
#12624192
0!
0(
#12634608
1!
1(
b10110010 2
#12645024
0!
0(
#12655440
1!
1(
b10110011 2
#12665856
0!
0(
#12676272
1!
1(
b10110100 2
#12686688
0!
0(
#12697104
1!
1(
b10110101 2
#12707520
0!
0(
#12717936
1!
1(
b10110110 2
#12728352
0!
0(
#12738768
1!
1(
b10110111 2
#12749184
0!
0(
#12759600
1!
1(
b10111000 2
#12770016
0!
0(
#12780432
1!
1(
b10111001 2
#12790848
0!
0(
#12801264
1!
1(
b10111010 2
#12811680
0!
0(
#12822096
1!
1(
b10111011 2
#12832512
0!
0(
#12842928
1!
1(
b10111100 2
#12853344
0!
0(
#12863760
1!
1(
b10111101 2
#12874176
0!
0(
#12884592
1!
1(
b10111110 2
#12895008
0!
0(
#12905424
1!
1(
b10111111 2
#12915840
0!
0(
#12926256
1!
1(
b11000000 2
#12936672
0!
0(
#12947088
1!
1(
b11000001 2
#12957504
0!
0(
#12967920
1!
1(
b11000010 2
#12978336
0!
0(
#12988752
1!
1(
b11000011 2
#12999168
0!
0(
#13009584
1!
1(
b11000100 2
#13020000
0!
0(
#13030416
1!
1(
b11000101 2
#13040832
0!
0(
#13051248
1!
1(
b11000110 2
#13061664
0!
0(
#13072080
1!
1(
b11000111 2
#13082496
0!
0(
#13092912
1!
1(
b11001000 2
#13103328
0!
0(
#13113744
1!
1(
b11001001 2
#13124160
0!
0(
#13134576
1!
1(
b11001010 2
#13144992
0!
0(
#13155408
1!
1(
b11001011 2
#13165824
0!
0(
#13176240
1!
1(
b11001100 2
#13186656
0!
0(
#13197072
1!
1(
b11001101 2
#13207488
0!
0(
#13217904
1!
1(
b11001110 2
#13228320
0!
0(
#13238736
1!
1(
b11001111 2
#13249152
0!
0(
#13259568
1!
1(
b11010000 2
#13269984
0!
0(
#13280400
1!
1(
b11010001 2
#13290816
0!
0(
#13301232
1!
1(
b11010010 2
#13311648
0!
0(
#13322064
1!
1(
b11010011 2
#13332480
0!
0(
#13342896
1!
1(
b11010100 2
#13353312
0!
0(
#13363728
1!
1(
b11010101 2
#13374144
0!
0(
#13384560
1!
1(
b11010110 2
#13394976
0!
0(
#13405392
1!
1(
b11010111 2
#13415808
0!
0(
#13426224
1!
1(
b11011000 2
#13436640
0!
0(
#13447056
1!
1(
b11011001 2
#13457472
0!
0(
#13467888
1!
1(
b11011010 2
#13478304
0!
0(
#13488720
1!
1(
b11011011 2
#13499136
0!
0(
#13509552
1!
1(
b11011100 2
#13519968
0!
0(
#13530384
1!
1(
b11011101 2
#13540800
0!
0(
#13551216
1!
1(
b11011110 2
#13561632
0!
0(
#13572048
1!
1(
b11011111 2
#13582464
0!
0(
#13592880
1!
1(
b11100000 2
#13603296
0!
0(
#13613712
1!
1(
b11100001 2
#13624128
0!
0(
#13634544
1!
1(
b11100010 2
#13644960
0!
0(
#13655376
1!
1(
b11100011 2
#13665792
0!
0(
#13676208
1!
1(
b11100100 2
#13686624
0!
0(
#13697040
1!
1(
b11100101 2
#13707456
0!
0(
#13717872
1!
1(
b11100110 2
#13728288
0!
0(
#13738704
1!
1(
b11100111 2
#13749120
0!
0(
#13759536
1!
1(
b11101000 2
#13769952
0!
0(
#13780368
1!
1(
b11101001 2
#13790784
0!
0(
#13801200
1!
1(
b11101010 2
#13811616
0!
0(
#13822032
1!
1(
b11101011 2
#13832448
0!
0(
#13842864
1!
1(
b11101100 2
#13853280
0!
0(
#13863696
1!
1(
b11101101 2
#13874112
0!
0(
#13884528
1!
1(
b11101110 2
#13894944
0!
0(
#13905360
1!
1(
b11101111 2
#13915776
0!
0(
#13926192
1!
1(
b11110000 2
#13936608
0!
0(
#13947024
1!
1(
b11110001 2
#13957440
0!
0(
#13967856
1!
1(
b11110010 2
#13978272
0!
0(
#13988688
1!
1(
b11110011 2
#13999104
0!
0(
#14009520
1!
1(
b11110100 2
#14019936
0!
0(
#14030352
1!
1(
b11110101 2
#14040768
0!
0(
#14051184
1!
1(
b11110110 2
#14061600
0!
0(
#14072016
1!
1(
b11110111 2
#14082432
0!
0(
#14092848
1!
1(
b11111000 2
#14103264
0!
0(
#14113680
1!
1(
b11111001 2
#14124096
0!
0(
#14134512
1!
1(
b11111010 2
#14144928
0!
0(
#14155344
1!
1(
b11111011 2
#14165760
0!
0(
#14176176
1!
1(
b11111100 2
#14186592
0!
0(
#14197008
1!
1(
b11111101 2
#14207424
0!
0(
#14217840
1!
1(
b11111110 2
#14228256
0!
0(
#14238672
1!
1(
b11111111 2
#14249088
0!
0(
#14259504
1!
1(
b100000000 2
#14269920
0!
0(
#14280336
1!
1(
b100000001 2
#14290752
0!
0(
#14301168
1!
1(
b100000010 2
#14311584
0!
0(
#14322000
1!
1(
b100000011 2
#14332416
0!
0(
#14342832
1!
1(
b100000100 2
#14353248
0!
0(
#14363664
1!
1(
b100000101 2
#14374080
0!
0(
#14384496
1!
1(
b100000110 2
#14394912
0!
0(
#14405328
1!
1(
b100000111 2
#14415744
0!
0(
#14426160
1!
1(
b100001000 2
#14436576
0!
0(
#14446992
1!
1(
b100001001 2
#14457408
0!
0(
#14467824
1!
1(
b100001010 2
#14478240
0!
0(
#14488656
1!
1(
b100001011 2
#14499072
0!
0(
#14509488
1!
1(
b100001100 2
#14519904
0!
0(
#14530320
1!
1(
b100001101 2
#14540736
0!
0(
#14551152
1!
1(
b100001110 2
#14561568
0!
0(
#14571984
1!
1(
b100001111 2
#14582400
0!
0(
#14592816
1!
1(
b100010000 2
#14603232
0!
0(
#14613648
1!
1(
b100010001 2
#14624064
0!
0(
#14634480
1!
1(
b100010010 2
#14644896
0!
0(
#14655312
1!
1(
b100010011 2
#14665728
0!
0(
#14676144
1!
1(
b100010100 2
#14686560
0!
0(
#14696976
1!
1(
b100010101 2
#14707392
0!
0(
#14717808
1!
1(
b100010110 2
#14728224
0!
0(
#14738640
1!
1(
b100010111 2
#14749056
0!
0(
#14759472
1!
1(
b100011000 2
#14769888
0!
0(
#14780304
1!
1(
b100011001 2
#14790720
0!
0(
#14801136
1!
1(
b100011010 2
#14811552
0!
0(
#14821968
1!
1(
b100011011 2
#14832384
0!
0(
#14842800
1!
1(
b100011100 2
#14853216
0!
0(
#14863632
1!
1(
b100011101 2
#14874048
0!
0(
#14884464
1!
1(
b100011110 2
#14894880
0!
0(
#14905296
1!
1(
b100011111 2
#14915712
0!
0(
#14926128
1!
1(
b100100000 2
#14936544
0!
0(
#14946960
1!
1(
b100100001 2
#14957376
0!
0(
#14967792
1!
1(
b100100010 2
#14978208
0!
0(
#14988624
1!
1(
b100100011 2
#14999040
0!
0(
#15009456
1!
1(
b100100100 2
#15019872
0!
0(
#15030288
1!
1(
b100100101 2
#15040704
0!
0(
#15051120
1!
1(
b100100110 2
#15061536
0!
0(
#15071952
1!
1(
b100100111 2
#15082368
0!
0(
#15092784
1!
1(
b100101000 2
#15103200
0!
0(
#15113616
1!
1(
b100101001 2
#15124032
0!
0(
#15134448
1!
1(
b100101010 2
#15144864
0!
0(
#15155280
1!
1(
b100101011 2
#15165696
0!
0(
#15176112
1!
1(
b100101100 2
#15186528
0!
0(
#15196944
1!
1(
b100101101 2
#15207360
0!
0(
#15217776
1!
1(
b100101110 2
#15228192
0!
0(
#15238608
1!
1(
b100101111 2
#15249024
0!
0(
#15259440
1!
1(
b100110000 2
#15269856
0!
0(
#15280272
1!
1(
b100110001 2
#15290688
0!
0(
#15301104
1!
1(
b100110010 2
#15311520
0!
0(
#15321936
1!
1(
b100110011 2
#15332352
0!
0(
#15342768
1!
1(
b100110100 2
#15353184
0!
0(
#15363600
1!
1(
b100110101 2
#15374016
0!
0(
#15384432
1!
1(
b100110110 2
#15394848
0!
0(
#15405264
1!
1(
b100110111 2
#15415680
0!
0(
#15426096
1!
1(
b100111000 2
#15436512
0!
0(
#15446928
1!
1(
b100111001 2
#15457344
0!
0(
#15467760
1!
1(
b100111010 2
#15478176
0!
0(
#15488592
1!
1(
b100111011 2
#15499008
0!
0(
#15509424
1!
1(
b100111100 2
#15519840
0!
0(
#15530256
1!
1(
b100111101 2
#15540672
0!
0(
#15551088
1!
1(
b100111110 2
#15561504
0!
0(
#15571920
1!
1(
b100111111 2
#15582336
0!
0(
#15592752
1!
1(
b101000000 2
#15603168
0!
0(
#15613584
1!
1(
b101000001 2
#15624000
0!
0(
#15634416
1!
1(
b101000010 2
#15644832
0!
0(
#15655248
1!
1(
b101000011 2
#15665664
0!
0(
#15676080
1!
1(
b101000100 2
#15686496
0!
0(
#15696912
1!
1(
b101000101 2
#15707328
0!
0(
#15717744
1!
1(
b101000110 2
#15728160
0!
0(
#15738576
1!
1(
b101000111 2
#15748992
0!
0(
#15759408
1!
1(
b101001000 2
#15769824
0!
0(
#15780240
1!
1(
b101001001 2
#15790656
0!
0(
#15801072
1!
1(
b101001010 2
#15811488
0!
0(
#15821904
1!
1(
b101001011 2
#15832320
0!
0(
#15842736
1!
1(
b101001100 2
#15853152
0!
0(
#15863568
1!
1(
b101001101 2
#15873984
0!
0(
#15884400
1!
1(
b101001110 2
#15894816
0!
0(
#15905232
1!
1(
b101001111 2
#15915648
0!
0(
#15926064
1!
1(
b101010000 2
#15936480
0!
0(
#15946896
1!
1(
b101010001 2
#15957312
0!
0(
#15967728
1!
1(
b101010010 2
#15978144
0!
0(
#15988560
1!
1(
b101010011 2
#15998976
0!
0(
#16009392
1!
1(
b101010100 2
#16019808
0!
0(
#16030224
1!
1(
b101010101 2
#16040640
0!
0(
#16051056
1!
1(
b101010110 2
#16061472
0!
0(
#16071888
1!
1(
b101010111 2
#16082304
0!
0(
#16092720
1!
1(
b101011000 2
#16103136
0!
0(
#16113552
1!
1(
b101011001 2
#16123968
0!
0(
#16134384
1!
1(
b101011010 2
#16144800
0!
0(
#16155216
1!
1(
b101011011 2
#16165632
0!
0(
#16176048
1!
1(
b101011100 2
#16186464
0!
0(
#16196880
1!
1(
b101011101 2
#16207296
0!
0(
#16217712
1!
1(
b101011110 2
#16228128
0!
0(
#16238544
1!
1(
b101011111 2
#16248960
0!
0(
#16259376
1!
1(
b101100000 2
#16269792
0!
0(
#16280208
1!
1(
b101100001 2
#16290624
0!
0(
#16301040
1!
1(
b101100010 2
#16311456
0!
0(
#16321872
1!
1(
b101100011 2
#16332288
0!
0(
#16342704
1!
1(
b101100100 2
#16353120
0!
0(
#16363536
1!
1(
b101100101 2
#16373952
0!
0(
#16384368
1!
1(
b101100110 2
#16394784
0!
0(
#16405200
1!
1(
b101100111 2
#16415616
0!
0(
#16426032
1!
1(
b101101000 2
#16436448
0!
0(
#16446864
1!
1(
b101101001 2
#16457280
0!
0(
#16467696
1!
1(
b101101010 2
#16478112
0!
0(
#16488528
1!
1(
b101101011 2
#16498944
0!
0(
#16509360
1!
1(
b101101100 2
#16519776
0!
0(
#16530192
1!
1(
b101101101 2
#16540608
0!
0(
#16551024
1!
1(
b101101110 2
#16561440
0!
0(
#16571856
1!
1(
b101101111 2
#16582272
0!
0(
#16592688
1!
1(
b101110000 2
#16603104
0!
0(
#16613520
1!
1(
b101110001 2
#16623936
0!
0(
#16634352
1!
1(
b101110010 2
#16644768
0!
0(
#16655184
1!
1(
b101110011 2
#16665600
0!
0(
#16676016
1!
1(
b101110100 2
#16686432
0!
0(
#16696848
1!
1(
b101110101 2
#16707264
0!
0(
#16717680
1!
1(
b101110110 2
#16728096
0!
0(
#16738512
1!
1(
b101110111 2
#16748928
0!
0(
#16759344
1!
1(
b101111000 2
#16769760
0!
0(
#16780176
1!
1(
b101111001 2
#16790592
0!
0(
#16801008
1!
1(
b101111010 2
#16811424
0!
0(
#16821840
1!
1(
b101111011 2
#16832256
0!
0(
#16842672
1!
1(
b101111100 2
#16853088
0!
0(
#16863504
1!
1(
b101111101 2
#16873920
0!
0(
#16884336
1!
1(
b101111110 2
#16894752
0!
0(
#16905168
1!
1(
b101111111 2
#16915584
0!
0(
#16926000
1!
1(
b110000000 2
#16936416
0!
0(
#16946832
1!
1(
b110000001 2
#16957248
0!
0(
#16967664
1!
1(
b110000010 2
#16978080
0!
0(
#16988496
1!
1(
b110000011 2
#16998912
0!
0(
#17009328
1!
1(
b110000100 2
#17019744
0!
0(
#17030160
1!
1(
b110000101 2
#17040576
0!
0(
#17050992
1!
1(
b110000110 2
#17061408
0!
0(
#17071824
1!
1(
b110000111 2
#17082240
0!
0(
#17092656
1!
1(
b110001000 2
#17103072
0!
0(
#17113488
1!
1(
b110001001 2
#17123904
0!
0(
#17134320
1!
1(
b110001010 2
#17144736
0!
0(
#17155152
1!
1(
b110001011 2
#17165568
0!
0(
#17175984
1!
1(
b110001100 2
#17186400
0!
0(
#17196816
1!
1(
b110001101 2
#17207232
0!
0(
#17217648
1!
1(
b110001110 2
#17228064
0!
0(
#17238480
1!
1(
b110001111 2
#17248896
0!
0(
#17259312
1!
1(
b110010000 2
#17269728
0!
0(
#17280144
1!
1(
b110010001 2
#17290560
0!
0(
#17300976
1!
1(
b110010010 2
#17311392
0!
0(
#17321808
1!
1(
b110010011 2
#17332224
0!
0(
#17342640
1!
1(
b110010100 2
#17353056
0!
0(
#17363472
1!
1(
b110010101 2
#17373888
0!
0(
#17384304
1!
1(
b110010110 2
#17394720
0!
0(
#17405136
1!
1(
b110010111 2
#17415552
0!
0(
#17425968
1!
1(
b110011000 2
#17436384
0!
0(
#17446800
1!
1(
b110011001 2
#17457216
0!
0(
#17467632
1!
1(
b110011010 2
#17478048
0!
0(
#17488464
1!
1(
b110011011 2
#17498880
0!
0(
#17509296
1!
1(
b110011100 2
#17519712
0!
0(
#17530128
1!
1(
b110011101 2
#17540544
0!
0(
#17550960
1!
1(
b110011110 2
#17561376
0!
0(
#17571792
1!
1(
b110011111 2
#17582208
0!
0(
#17592624
1!
1(
b110100000 2
#17603040
0!
0(
#17613456
1!
1(
b0 2
b1 3
#17623872
0!
0(
#17634288
1!
1(
05
b1 2
0%
#17644704
0!
0(
#17655120
1!
1(
b10 2
#17665536
0!
0(
#17675952
1!
1(
b11 2
#17686368
0!
0(
#17696784
1!
1(
b100 2
#17707200
0!
0(
#17717616
1!
1(
b101 2
#17728032
0!
0(
#17738448
1!
1(
b110 2
#17748864
0!
0(
#17759280
1!
1(
b111 2
#17769696
0!
0(
#17780112
1!
1(
b1000 2
#17790528
0!
0(
#17800944
1!
1(
b1001 2
#17811360
0!
0(
#17821776
1!
1(
b1010 2
#17832192
0!
0(
#17842608
1!
1(
b1011 2
#17853024
0!
0(
#17863440
1!
1(
b1100 2
#17873856
0!
0(
#17884272
1!
1(
b1101 2
#17894688
0!
0(
#17905104
1!
1(
b1110 2
#17915520
0!
0(
#17925936
1!
1(
b1111 2
#17936352
0!
0(
#17946768
1!
1(
b10000 2
#17957184
0!
0(
#17967600
1!
1(
b10001 2
#17978016
0!
0(
#17988432
1!
1(
b10010 2
#17998848
0!
0(
#18009264
1!
1(
b10011 2
#18019680
0!
0(
#18030096
1!
1(
b10100 2
#18040512
0!
0(
#18050928
1!
1(
b10101 2
#18061344
0!
0(
#18071760
1!
1(
b10110 2
#18082176
0!
0(
#18092592
1!
1(
b10111 2
#18103008
0!
0(
#18113424
1!
1(
b11000 2
#18123840
0!
0(
#18134256
1!
1(
b11001 2
#18144672
0!
0(
#18155088
1!
1(
b11010 2
#18165504
0!
0(
#18175920
1!
1(
b11011 2
#18186336
0!
0(
#18196752
1!
1(
b11100 2
#18207168
0!
0(
#18217584
1!
1(
b11101 2
#18228000
0!
0(
#18238416
1!
1(
b11110 2
#18248832
0!
0(
#18259248
1!
1(
b11111 2
#18269664
0!
0(
#18280080
1!
1(
b100000 2
#18290496
0!
0(
#18300912
1!
1(
b100001 2
#18311328
0!
0(
#18321744
1!
1(
b100010 2
#18332160
0!
0(
#18342576
1!
1(
b100011 2
#18352992
0!
0(
#18363408
1!
1(
b100100 2
#18373824
0!
0(
#18384240
1!
1(
b100101 2
#18394656
0!
0(
#18405072
1!
1(
b100110 2
#18415488
0!
0(
#18425904
1!
1(
b100111 2
#18436320
0!
0(
#18446736
1!
1(
b101000 2
#18457152
0!
0(
#18467568
1!
1(
b101001 2
#18477984
0!
0(
#18488400
1!
1(
b101010 2
#18498816
0!
0(
#18509232
1!
1(
b101011 2
#18519648
0!
0(
#18530064
1!
1(
b101100 2
#18540480
0!
0(
#18550896
1!
1(
b101101 2
#18561312
0!
0(
#18571728
1!
1(
b101110 2
#18582144
0!
0(
#18592560
1!
1(
b101111 2
#18602976
0!
0(
#18613392
1!
1(
b110000 2
#18623808
0!
0(
#18634224
1!
1(
b110001 2
#18644640
0!
0(
#18655056
1!
1(
b110010 2
#18665472
0!
0(
#18675888
1!
1(
b110011 2
#18686304
0!
0(
#18696720
1!
1(
b110100 2
#18707136
0!
0(
#18717552
1!
1(
b110101 2
#18727968
0!
0(
#18738384
1!
1(
b110110 2
#18748800
0!
0(
#18759216
1!
1(
b110111 2
#18769632
0!
0(
#18780048
1!
1(
b111000 2
#18790464
0!
0(
#18800880
1!
1(
b111001 2
#18811296
0!
0(
#18821712
1!
1(
b111010 2
#18832128
0!
0(
#18842544
1!
1(
b111011 2
#18852960
0!
0(
#18863376
1!
1(
b111100 2
#18873792
0!
0(
#18884208
1!
1(
b111101 2
#18894624
0!
0(
#18905040
1!
1(
b111110 2
#18915456
0!
0(
#18925872
1!
1(
b111111 2
#18936288
0!
0(
#18946704
1!
1(
b1000000 2
#18957120
0!
0(
#18967536
1!
1(
b1000001 2
#18977952
0!
0(
#18988368
1!
1(
b1000010 2
#18998784
0!
0(
#19009200
1!
1(
b1000011 2
#19019616
0!
0(
#19030032
1!
1(
b1000100 2
#19040448
0!
0(
#19050864
1!
1(
b1000101 2
#19061280
0!
0(
#19071696
1!
1(
b1000110 2
#19082112
0!
0(
#19092528
1!
1(
b1000111 2
#19102944
0!
0(
#19113360
1!
1(
b1001000 2
#19123776
0!
0(
#19134192
1!
1(
b1001001 2
#19144608
0!
0(
#19155024
1!
1(
b1001010 2
#19165440
0!
0(
#19175856
1!
1(
b1001011 2
#19186272
0!
0(
#19196688
1!
1(
b1001100 2
#19207104
0!
0(
#19217520
1!
1(
b1001101 2
#19227936
0!
0(
#19238352
1!
1(
b1001110 2
#19248768
0!
0(
#19259184
1!
1(
b1001111 2
#19269600
0!
0(
#19280016
1!
1(
b1010000 2
#19290432
0!
0(
#19300848
1!
1(
b1010001 2
#19311264
0!
0(
#19321680
1!
1(
b1010010 2
#19332096
0!
0(
#19342512
1!
1(
b1010011 2
#19352928
0!
0(
#19363344
1!
1(
b1010100 2
#19373760
0!
0(
#19384176
1!
1(
b1010101 2
#19394592
0!
0(
#19405008
1!
1(
b1010110 2
#19415424
0!
0(
#19425840
1!
1(
b1010111 2
#19436256
0!
0(
#19446672
1!
1(
b1011000 2
#19457088
0!
0(
#19467504
1!
1(
b1011001 2
#19477920
0!
0(
#19488336
1!
1(
b1011010 2
#19498752
0!
0(
#19509168
1!
1(
b1011011 2
#19519584
0!
0(
#19530000
1!
1(
b1011100 2
#19540416
0!
0(
#19550832
1!
1(
b1011101 2
#19561248
0!
0(
#19571664
1!
1(
b1011110 2
#19582080
0!
0(
#19592496
1!
1(
b1011111 2
#19602912
0!
0(
#19613328
1!
1(
b1100000 2
#19623744
0!
0(
#19634160
1!
1(
b1100001 2
#19644576
0!
0(
#19654992
1!
1(
b1100010 2
#19665408
0!
0(
#19675824
1!
1(
b1100011 2
#19686240
0!
0(
#19696656
1!
1(
b1100100 2
#19707072
0!
0(
#19717488
1!
1(
b1100101 2
#19727904
0!
0(
#19738320
1!
1(
b1100110 2
#19748736
0!
0(
#19759152
1!
1(
b1100111 2
#19769568
0!
0(
#19779984
1!
1(
b1101000 2
#19790400
0!
0(
#19800816
1!
1(
b1101001 2
#19811232
0!
0(
#19821648
1!
1(
b1101010 2
#19832064
0!
0(
#19842480
1!
1(
b1101011 2
#19852896
0!
0(
#19863312
1!
1(
b1101100 2
#19873728
0!
0(
#19884144
1!
1(
b1101101 2
#19894560
0!
0(
#19904976
1!
1(
b1101110 2
#19915392
0!
0(
#19925808
1!
1(
b1101111 2
#19936224
0!
0(
#19946640
1!
1(
b1110000 2
#19957056
0!
0(
#19967472
1!
1(
b1110001 2
#19977888
0!
0(
#19988304
1!
1(
b1110010 2
#19998720
0!
0(
#20009136
1!
1(
b1110011 2
#20019552
0!
0(
#20029968
1!
1(
b1110100 2
#20040384
0!
0(
#20050800
1!
1(
b1110101 2
#20061216
0!
0(
#20071632
1!
1(
b1110110 2
#20082048
0!
0(
#20092464
1!
1(
b1110111 2
#20102880
0!
0(
#20113296
1!
1(
b1111000 2
#20123712
0!
0(
#20134128
1!
1(
b1111001 2
#20144544
0!
0(
#20154960
1!
1(
b1111010 2
#20165376
0!
0(
#20175792
1!
1(
b1111011 2
#20186208
0!
0(
#20196624
1!
1(
b1111100 2
#20207040
0!
0(
#20217456
1!
1(
b1111101 2
#20227872
0!
0(
#20238288
1!
1(
b1111110 2
#20248704
0!
0(
#20259120
1!
1(
b1111111 2
#20269536
0!
0(
#20279952
1!
1(
b10000000 2
#20290368
0!
0(
#20300784
1!
1(
b10000001 2
#20311200
0!
0(
#20321616
1!
1(
b10000010 2
#20332032
0!
0(
#20342448
1!
1(
b10000011 2
#20352864
0!
0(
#20363280
1!
1(
b10000100 2
#20373696
0!
0(
#20384112
1!
1(
b10000101 2
#20394528
0!
0(
#20404944
1!
1(
b10000110 2
#20415360
0!
0(
#20425776
1!
1(
b10000111 2
#20436192
0!
0(
#20446608
1!
1(
b10001000 2
#20457024
0!
0(
#20467440
1!
1(
b10001001 2
#20477856
0!
0(
#20488272
1!
1(
b10001010 2
#20498688
0!
0(
#20509104
1!
1(
b10001011 2
#20519520
0!
0(
#20529936
1!
1(
b10001100 2
#20540352
0!
0(
#20550768
1!
1(
b10001101 2
#20561184
0!
0(
#20571600
1!
1(
b10001110 2
#20582016
0!
0(
#20592432
1!
1(
b10001111 2
#20602848
0!
0(
#20613264
1!
1(
b10010000 2
#20623680
0!
0(
#20634096
1!
1(
b10010001 2
#20644512
0!
0(
#20654928
1!
1(
b10010010 2
#20665344
0!
0(
#20675760
1!
1(
b10010011 2
#20686176
0!
0(
#20696592
1!
1(
b10010100 2
#20707008
0!
0(
#20717424
1!
1(
b10010101 2
#20727840
0!
0(
#20738256
1!
1(
b10010110 2
#20748672
0!
0(
#20759088
1!
1(
b10010111 2
#20769504
0!
0(
#20779920
1!
1(
b10011000 2
#20790336
0!
0(
#20800752
1!
1(
b10011001 2
#20811168
0!
0(
#20821584
1!
1(
b10011010 2
#20832000
0!
0(
#20842416
1!
1(
b10011011 2
#20852832
0!
0(
#20863248
1!
1(
b10011100 2
#20873664
0!
0(
#20884080
1!
1(
b10011101 2
#20894496
0!
0(
#20904912
1!
1(
b10011110 2
#20915328
0!
0(
#20925744
1!
1(
b10011111 2
#20936160
0!
0(
#20946576
1!
1(
b10100000 2
#20956992
0!
0(
#20967408
1!
1(
b10100001 2
#20977824
0!
0(
#20988240
1!
1(
b10100010 2
#20998656
0!
0(
#21009072
1!
1(
b10100011 2
#21019488
0!
0(
#21029904
1!
1(
b10100100 2
#21040320
0!
0(
#21050736
1!
1(
b10100101 2
#21061152
0!
0(
#21071568
1!
1(
b10100110 2
#21081984
0!
0(
#21092400
1!
1(
b10100111 2
#21102816
0!
0(
#21113232
1!
1(
b10101000 2
#21123648
0!
0(
#21134064
1!
1(
b10101001 2
#21144480
0!
0(
#21154896
1!
1(
b10101010 2
#21165312
0!
0(
#21175728
1!
1(
b10101011 2
#21186144
0!
0(
#21196560
1!
1(
b10101100 2
#21206976
0!
0(
#21217392
1!
1(
b10101101 2
#21227808
0!
0(
#21238224
1!
1(
b10101110 2
#21248640
0!
0(
#21259056
1!
1(
b10101111 2
#21269472
0!
0(
#21279888
1!
1(
b10110000 2
#21290304
0!
0(
#21300720
1!
1(
b10110001 2
#21311136
0!
0(
#21321552
1!
1(
b10110010 2
#21331968
0!
0(
#21342384
1!
1(
b10110011 2
#21352800
0!
0(
#21363216
1!
1(
b10110100 2
#21373632
0!
0(
#21384048
1!
1(
b10110101 2
#21394464
0!
0(
#21404880
1!
1(
b10110110 2
#21415296
0!
0(
#21425712
1!
1(
b10110111 2
#21436128
0!
0(
#21446544
1!
1(
b10111000 2
#21456960
0!
0(
#21467376
1!
1(
b10111001 2
#21477792
0!
0(
#21488208
1!
1(
b10111010 2
#21498624
0!
0(
#21509040
1!
1(
b10111011 2
#21519456
0!
0(
#21529872
1!
1(
b10111100 2
#21540288
0!
0(
#21550704
1!
1(
b10111101 2
#21561120
0!
0(
#21571536
1!
1(
b10111110 2
#21581952
0!
0(
#21592368
1!
1(
b10111111 2
#21602784
0!
0(
#21613200
1!
1(
b11000000 2
#21623616
0!
0(
#21634032
1!
1(
b11000001 2
#21644448
0!
0(
#21654864
1!
1(
b11000010 2
#21665280
0!
0(
#21675696
1!
1(
b11000011 2
#21686112
0!
0(
#21696528
1!
1(
b11000100 2
#21706944
0!
0(
#21717360
1!
1(
b11000101 2
#21727776
0!
0(
#21738192
1!
1(
b11000110 2
#21748608
0!
0(
#21759024
1!
1(
b11000111 2
#21769440
0!
0(
#21779856
1!
1(
b11001000 2
#21790272
0!
0(
#21800688
1!
1(
b11001001 2
#21811104
0!
0(
#21821520
1!
1(
b11001010 2
#21831936
0!
0(
#21842352
1!
1(
b11001011 2
#21852768
0!
0(
#21863184
1!
1(
b11001100 2
#21873600
0!
0(
#21884016
1!
1(
b11001101 2
#21894432
0!
0(
#21904848
1!
1(
b11001110 2
#21915264
0!
0(
#21925680
1!
1(
b11001111 2
#21936096
0!
0(
#21946512
1!
1(
b11010000 2
#21956928
0!
0(
#21967344
1!
1(
b11010001 2
#21977760
0!
0(
#21988176
1!
1(
b11010010 2
#21998592
0!
0(
#22009008
1!
1(
b11010011 2
#22019424
0!
0(
#22029840
1!
1(
b11010100 2
#22040256
0!
0(
#22050672
1!
1(
b11010101 2
#22061088
0!
0(
#22071504
1!
1(
b11010110 2
#22081920
0!
0(
#22092336
1!
1(
b11010111 2
#22102752
0!
0(
#22113168
1!
1(
b11011000 2
#22123584
0!
0(
#22134000
1!
1(
b11011001 2
#22144416
0!
0(
#22154832
1!
1(
b11011010 2
#22165248
0!
0(
#22175664
1!
1(
b11011011 2
#22186080
0!
0(
#22196496
1!
1(
b11011100 2
#22206912
0!
0(
#22217328
1!
1(
b11011101 2
#22227744
0!
0(
#22238160
1!
1(
b11011110 2
#22248576
0!
0(
#22258992
1!
1(
b11011111 2
#22269408
0!
0(
#22279824
1!
1(
b11100000 2
#22290240
0!
0(
#22300656
1!
1(
b11100001 2
#22311072
0!
0(
#22321488
1!
1(
b11100010 2
#22331904
0!
0(
#22342320
1!
1(
b11100011 2
#22352736
0!
0(
#22363152
1!
1(
b11100100 2
#22373568
0!
0(
#22383984
1!
1(
b11100101 2
#22394400
0!
0(
#22404816
1!
1(
b11100110 2
#22415232
0!
0(
#22425648
1!
1(
b11100111 2
#22436064
0!
0(
#22446480
1!
1(
b11101000 2
#22456896
0!
0(
#22467312
1!
1(
b11101001 2
#22477728
0!
0(
#22488144
1!
1(
b11101010 2
#22498560
0!
0(
#22508976
1!
1(
b11101011 2
#22519392
0!
0(
#22529808
1!
1(
b11101100 2
#22540224
0!
0(
#22550640
1!
1(
b11101101 2
#22561056
0!
0(
#22571472
1!
1(
b11101110 2
#22581888
0!
0(
#22592304
1!
1(
b11101111 2
#22602720
0!
0(
#22613136
1!
1(
b11110000 2
#22623552
0!
0(
#22633968
1!
1(
b11110001 2
#22644384
0!
0(
#22654800
1!
1(
b11110010 2
#22665216
0!
0(
#22675632
1!
1(
b11110011 2
#22686048
0!
0(
#22696464
1!
1(
b11110100 2
#22706880
0!
0(
#22717296
1!
1(
b11110101 2
#22727712
0!
0(
#22738128
1!
1(
b11110110 2
#22748544
0!
0(
#22758960
1!
1(
b11110111 2
#22769376
0!
0(
#22779792
1!
1(
b11111000 2
#22790208
0!
0(
#22800624
1!
1(
b11111001 2
#22811040
0!
0(
#22821456
1!
1(
b11111010 2
#22831872
0!
0(
#22842288
1!
1(
b11111011 2
#22852704
0!
0(
#22863120
1!
1(
b11111100 2
#22873536
0!
0(
#22883952
1!
1(
b11111101 2
#22894368
0!
0(
#22904784
1!
1(
b11111110 2
#22915200
0!
0(
#22925616
1!
1(
b11111111 2
#22936032
0!
0(
#22946448
1!
1(
b100000000 2
#22956864
0!
0(
#22967280
1!
1(
b100000001 2
#22977696
0!
0(
#22988112
1!
1(
b100000010 2
#22998528
0!
0(
#23008944
1!
1(
b100000011 2
#23019360
0!
0(
#23029776
1!
1(
b100000100 2
#23040192
0!
0(
#23050608
1!
1(
b100000101 2
#23061024
0!
0(
#23071440
1!
1(
b100000110 2
#23081856
0!
0(
#23092272
1!
1(
b100000111 2
#23102688
0!
0(
#23113104
1!
1(
b100001000 2
#23123520
0!
0(
#23133936
1!
1(
b100001001 2
#23144352
0!
0(
#23154768
1!
1(
b100001010 2
#23165184
0!
0(
#23175600
1!
1(
b100001011 2
#23186016
0!
0(
#23196432
1!
1(
b100001100 2
#23206848
0!
0(
#23217264
1!
1(
b100001101 2
#23227680
0!
0(
#23238096
1!
1(
b100001110 2
#23248512
0!
0(
#23258928
1!
1(
b100001111 2
#23269344
0!
0(
#23279760
1!
1(
b100010000 2
#23290176
0!
0(
#23300592
1!
1(
b100010001 2
#23311008
0!
0(
#23321424
1!
1(
b100010010 2
#23331840
0!
0(
#23342256
1!
1(
b100010011 2
#23352672
0!
0(
#23363088
1!
1(
b100010100 2
#23373504
0!
0(
#23383920
1!
1(
b100010101 2
#23394336
0!
0(
#23404752
1!
1(
b100010110 2
#23415168
0!
0(
#23425584
1!
1(
b100010111 2
#23436000
0!
0(
#23446416
1!
1(
b100011000 2
#23456832
0!
0(
#23467248
1!
1(
b100011001 2
#23477664
0!
0(
#23488080
1!
1(
b100011010 2
#23498496
0!
0(
#23508912
1!
1(
b100011011 2
#23519328
0!
0(
#23529744
1!
1(
b100011100 2
#23540160
0!
0(
#23550576
1!
1(
b100011101 2
#23560992
0!
0(
#23571408
1!
1(
b100011110 2
#23581824
0!
0(
#23592240
1!
1(
b100011111 2
#23602656
0!
0(
#23613072
1!
1(
b100100000 2
#23623488
0!
0(
#23633904
1!
1(
b100100001 2
#23644320
0!
0(
#23654736
1!
1(
b100100010 2
#23665152
0!
0(
#23675568
1!
1(
b100100011 2
#23685984
0!
0(
#23696400
1!
1(
b100100100 2
#23706816
0!
0(
#23717232
1!
1(
b100100101 2
#23727648
0!
0(
#23738064
1!
1(
b100100110 2
#23748480
0!
0(
#23758896
1!
1(
b100100111 2
#23769312
0!
0(
#23779728
1!
1(
b100101000 2
#23790144
0!
0(
#23800560
1!
1(
b100101001 2
#23810976
0!
0(
#23821392
1!
1(
b100101010 2
#23831808
0!
0(
#23842224
1!
1(
b100101011 2
#23852640
0!
0(
#23863056
1!
1(
b100101100 2
#23873472
0!
0(
#23883888
1!
1(
b100101101 2
#23894304
0!
0(
#23904720
1!
1(
b100101110 2
#23915136
0!
0(
#23925552
1!
1(
b100101111 2
#23935968
0!
0(
#23946384
1!
1(
b100110000 2
#23956800
0!
0(
#23967216
1!
1(
b100110001 2
#23977632
0!
0(
#23988048
1!
1(
b100110010 2
#23998464
0!
0(
#24008880
1!
1(
b100110011 2
#24019296
0!
0(
#24029712
1!
1(
b100110100 2
#24040128
0!
0(
#24050544
1!
1(
b100110101 2
#24060960
0!
0(
#24071376
1!
1(
b100110110 2
#24081792
0!
0(
#24092208
1!
1(
b100110111 2
#24102624
0!
0(
#24113040
1!
1(
b100111000 2
#24123456
0!
0(
#24133872
1!
1(
b100111001 2
#24144288
0!
0(
#24154704
1!
1(
b100111010 2
#24165120
0!
0(
#24175536
1!
1(
b100111011 2
#24185952
0!
0(
#24196368
1!
1(
b100111100 2
#24206784
0!
0(
#24217200
1!
1(
b100111101 2
#24227616
0!
0(
#24238032
1!
1(
b100111110 2
#24248448
0!
0(
#24258864
1!
1(
b100111111 2
#24269280
0!
0(
#24279696
1!
1(
b101000000 2
#24290112
0!
0(
#24300528
1!
1(
b101000001 2
#24310944
0!
0(
#24321360
1!
1(
b101000010 2
#24331776
0!
0(
#24342192
1!
1(
b101000011 2
#24352608
0!
0(
#24363024
1!
1(
b101000100 2
#24373440
0!
0(
#24383856
1!
1(
b101000101 2
#24394272
0!
0(
#24404688
1!
1(
b101000110 2
#24415104
0!
0(
#24425520
1!
1(
b101000111 2
#24435936
0!
0(
#24446352
1!
1(
b101001000 2
#24456768
0!
0(
#24467184
1!
1(
b101001001 2
#24477600
0!
0(
#24488016
1!
1(
b101001010 2
#24498432
0!
0(
#24508848
1!
1(
b101001011 2
#24519264
0!
0(
#24529680
1!
1(
b101001100 2
#24540096
0!
0(
#24550512
1!
1(
b101001101 2
#24560928
0!
0(
#24571344
1!
1(
b101001110 2
#24581760
0!
0(
#24592176
1!
1(
b101001111 2
#24602592
0!
0(
#24613008
1!
1(
b101010000 2
#24623424
0!
0(
#24633840
1!
1(
b101010001 2
#24644256
0!
0(
#24654672
1!
1(
b101010010 2
#24665088
0!
0(
#24675504
1!
1(
b101010011 2
#24685920
0!
0(
#24696336
1!
1(
b101010100 2
#24706752
0!
0(
#24717168
1!
1(
b101010101 2
#24727584
0!
0(
#24738000
1!
1(
b101010110 2
#24748416
0!
0(
#24758832
1!
1(
b101010111 2
#24769248
0!
0(
#24779664
1!
1(
b101011000 2
#24790080
0!
0(
#24800496
1!
1(
b101011001 2
#24810912
0!
0(
#24821328
1!
1(
b101011010 2
#24831744
0!
0(
#24842160
1!
1(
b101011011 2
#24852576
0!
0(
#24862992
1!
1(
b101011100 2
#24873408
0!
0(
#24883824
1!
1(
b101011101 2
#24894240
0!
0(
#24904656
1!
1(
b101011110 2
#24915072
0!
0(
#24925488
1!
1(
b101011111 2
#24935904
0!
0(
#24946320
1!
1(
b101100000 2
#24956736
0!
0(
#24967152
1!
1(
b101100001 2
#24977568
0!
0(
#24987984
1!
1(
b101100010 2
#24998400
0!
0(
#25008816
1!
1(
b101100011 2
#25019232
0!
0(
#25029648
1!
1(
b101100100 2
#25040064
0!
0(
#25050480
1!
1(
b101100101 2
#25060896
0!
0(
#25071312
1!
1(
b101100110 2
#25081728
0!
0(
#25092144
1!
1(
b101100111 2
#25102560
0!
0(
#25112976
1!
1(
b101101000 2
#25123392
0!
0(
#25133808
1!
1(
b101101001 2
#25144224
0!
0(
#25154640
1!
1(
b101101010 2
#25165056
0!
0(
#25175472
1!
1(
b101101011 2
#25185888
0!
0(
#25196304
1!
1(
b101101100 2
#25206720
0!
0(
#25217136
1!
1(
b101101101 2
#25227552
0!
0(
#25237968
1!
1(
b101101110 2
#25248384
0!
0(
#25258800
1!
1(
b101101111 2
#25269216
0!
0(
#25279632
1!
1(
b101110000 2
#25290048
0!
0(
#25300464
1!
1(
b101110001 2
#25310880
0!
0(
#25321296
1!
1(
b101110010 2
#25331712
0!
0(
#25342128
1!
1(
b101110011 2
#25352544
0!
0(
#25362960
1!
1(
b101110100 2
#25373376
0!
0(
#25383792
1!
1(
b101110101 2
#25394208
0!
0(
#25404624
1!
1(
b101110110 2
#25415040
0!
0(
#25425456
1!
1(
b101110111 2
#25435872
0!
0(
#25446288
1!
1(
b101111000 2
#25456704
0!
0(
#25467120
1!
1(
b101111001 2
#25477536
0!
0(
#25487952
1!
1(
b101111010 2
#25498368
0!
0(
#25508784
1!
1(
b101111011 2
#25519200
0!
0(
#25529616
1!
1(
b101111100 2
#25540032
0!
0(
#25550448
1!
1(
b101111101 2
#25560864
0!
0(
#25571280
1!
1(
b101111110 2
#25581696
0!
0(
#25592112
1!
1(
b101111111 2
#25602528
0!
0(
#25612944
1!
1(
b110000000 2
#25623360
0!
0(
#25633776
1!
1(
b110000001 2
#25644192
0!
0(
#25654608
1!
1(
b110000010 2
#25665024
0!
0(
#25675440
1!
1(
b110000011 2
#25685856
0!
0(
#25696272
1!
1(
b110000100 2
#25706688
0!
0(
#25717104
1!
1(
b110000101 2
#25727520
0!
0(
#25737936
1!
1(
b110000110 2
#25748352
0!
0(
#25758768
1!
1(
b110000111 2
#25769184
0!
0(
#25779600
1!
1(
b110001000 2
#25790016
0!
0(
#25800432
1!
1(
b110001001 2
#25810848
0!
0(
#25821264
1!
1(
b110001010 2
#25831680
0!
0(
#25842096
1!
1(
b110001011 2
#25852512
0!
0(
#25862928
1!
1(
b110001100 2
#25873344
0!
0(
#25883760
1!
1(
b110001101 2
#25894176
0!
0(
#25904592
1!
1(
b110001110 2
#25915008
0!
0(
#25925424
1!
1(
b110001111 2
#25935840
0!
0(
#25946256
1!
1(
b110010000 2
#25956672
0!
0(
#25967088
1!
1(
b110010001 2
#25977504
0!
0(
#25987920
1!
1(
b110010010 2
#25998336
0!
0(
#26008752
1!
1(
b110010011 2
#26019168
0!
0(
#26029584
1!
1(
b110010100 2
#26040000
0!
0(
#26050416
1!
1(
b110010101 2
#26060832
0!
0(
#26071248
1!
1(
b110010110 2
#26081664
0!
0(
#26092080
1!
1(
b110010111 2
#26102496
0!
0(
#26112912
1!
1(
b110011000 2
#26123328
0!
0(
#26133744
1!
1(
b110011001 2
#26144160
0!
0(
#26154576
1!
1(
b110011010 2
#26164992
0!
0(
#26175408
1!
1(
b110011011 2
#26185824
0!
0(
#26196240
1!
1(
b110011100 2
#26206656
0!
0(
#26217072
1!
1(
b110011101 2
#26227488
0!
0(
#26237904
1!
1(
b110011110 2
#26248320
0!
0(
#26258736
1!
1(
b110011111 2
#26269152
0!
0(
#26279568
1!
1(
b110100000 2
#26289984
0!
0(
#26300400
1!
1(
b0 2
b10 3
#26310816
0!
0(
#26321232
1!
1(
b1 2
#26331648
0!
0(
#26342064
1!
1(
b10 2
#26352480
0!
0(
#26362896
1!
1(
b11 2
#26373312
0!
0(
#26383728
1!
1(
b100 2
#26394144
0!
0(
#26404560
1!
1(
b101 2
#26414976
0!
0(
#26425392
1!
1(
b110 2
#26435808
0!
0(
#26446224
1!
1(
b111 2
#26456640
0!
0(
#26467056
1!
1(
b1000 2
#26477472
0!
0(
#26487888
1!
1(
b1001 2
#26498304
0!
0(
#26508720
1!
1(
b1010 2
#26519136
0!
0(
#26529552
1!
1(
b1011 2
#26539968
0!
0(
#26550384
1!
1(
b1100 2
#26560800
0!
0(
#26571216
1!
1(
b1101 2
#26581632
0!
0(
#26592048
1!
1(
b1110 2
#26602464
0!
0(
#26612880
1!
1(
b1111 2
#26623296
0!
0(
#26633712
1!
1(
b10000 2
#26644128
0!
0(
#26654544
1!
1(
b10001 2
#26664960
0!
0(
#26675376
1!
1(
b10010 2
#26685792
0!
0(
#26696208
1!
1(
b10011 2
#26706624
0!
0(
#26717040
1!
1(
b10100 2
#26727456
0!
0(
#26737872
1!
1(
b10101 2
#26748288
0!
0(
#26758704
1!
1(
b10110 2
#26769120
0!
0(
#26779536
1!
1(
b10111 2
#26789952
0!
0(
#26800368
1!
1(
b11000 2
#26810784
0!
0(
#26821200
1!
1(
b11001 2
#26831616
0!
0(
#26842032
1!
1(
b11010 2
#26852448
0!
0(
#26862864
1!
1(
b11011 2
#26873280
0!
0(
#26883696
1!
1(
b11100 2
#26894112
0!
0(
#26904528
1!
1(
b11101 2
#26914944
0!
0(
#26925360
1!
1(
b11110 2
#26935776
0!
0(
#26946192
1!
1(
b11111 2
#26956608
0!
0(
#26967024
1!
1(
b100000 2
#26977440
0!
0(
#26987856
1!
1(
b100001 2
#26998272
0!
0(
#27008688
1!
1(
b100010 2
#27019104
0!
0(
#27029520
1!
1(
b100011 2
#27039936
0!
0(
#27050352
1!
1(
b100100 2
#27060768
0!
0(
#27071184
1!
1(
b100101 2
#27081600
0!
0(
#27092016
1!
1(
b100110 2
#27102432
0!
0(
#27112848
1!
1(
b100111 2
#27123264
0!
0(
#27133680
1!
1(
b101000 2
#27144096
0!
0(
#27154512
1!
1(
b101001 2
#27164928
0!
0(
#27175344
1!
1(
b101010 2
#27185760
0!
0(
#27196176
1!
1(
b101011 2
#27206592
0!
0(
#27217008
1!
1(
b101100 2
#27227424
0!
0(
#27237840
1!
1(
b101101 2
#27248256
0!
0(
#27258672
1!
1(
b101110 2
#27269088
0!
0(
#27279504
1!
1(
b101111 2
#27289920
0!
0(
#27300336
1!
1(
b110000 2
#27310752
0!
0(
#27321168
1!
1(
b110001 2
#27331584
0!
0(
#27342000
1!
1(
b110010 2
#27352416
0!
0(
#27362832
1!
1(
b110011 2
#27373248
0!
0(
#27383664
1!
1(
b110100 2
#27394080
0!
0(
#27404496
1!
1(
b110101 2
#27414912
0!
0(
#27425328
1!
1(
b110110 2
#27435744
0!
0(
#27446160
1!
1(
b110111 2
#27456576
0!
0(
#27466992
1!
1(
b111000 2
#27477408
0!
0(
#27487824
1!
1(
b111001 2
#27498240
0!
0(
#27508656
1!
1(
b111010 2
#27519072
0!
0(
#27529488
1!
1(
b111011 2
#27539904
0!
0(
#27550320
1!
1(
b111100 2
#27560736
0!
0(
#27571152
1!
1(
b111101 2
#27581568
0!
0(
#27591984
1!
1(
b111110 2
#27602400
0!
0(
#27612816
1!
1(
b111111 2
#27623232
0!
0(
#27633648
1!
1(
b1000000 2
#27644064
0!
0(
#27654480
1!
1(
b1000001 2
#27664896
0!
0(
#27675312
1!
1(
b1000010 2
#27685728
0!
0(
#27696144
1!
1(
b1000011 2
#27706560
0!
0(
#27716976
1!
1(
b1000100 2
#27727392
0!
0(
#27737808
1!
1(
b1000101 2
#27748224
0!
0(
#27758640
1!
1(
b1000110 2
#27769056
0!
0(
#27779472
1!
1(
b1000111 2
#27789888
0!
0(
#27800304
1!
1(
b1001000 2
#27810720
0!
0(
#27821136
1!
1(
b1001001 2
#27831552
0!
0(
#27841968
1!
1(
b1001010 2
#27852384
0!
0(
#27862800
1!
1(
b1001011 2
#27873216
0!
0(
#27883632
1!
1(
b1001100 2
#27894048
0!
0(
#27904464
1!
1(
b1001101 2
#27914880
0!
0(
#27925296
1!
1(
b1001110 2
#27935712
0!
0(
#27946128
1!
1(
b1001111 2
#27956544
0!
0(
#27966960
1!
1(
b1010000 2
#27977376
0!
0(
#27987792
1!
1(
b1010001 2
#27998208
0!
0(
#28008624
1!
1(
b1010010 2
#28019040
0!
0(
#28029456
1!
1(
b1010011 2
#28039872
0!
0(
#28050288
1!
1(
b1010100 2
#28060704
0!
0(
#28071120
1!
1(
b1010101 2
#28081536
0!
0(
#28091952
1!
1(
b1010110 2
#28102368
0!
0(
#28112784
1!
1(
b1010111 2
#28123200
0!
0(
#28133616
1!
1(
b1011000 2
#28144032
0!
0(
#28154448
1!
1(
b1011001 2
#28164864
0!
0(
#28175280
1!
1(
b1011010 2
#28185696
0!
0(
#28196112
1!
1(
b1011011 2
#28206528
0!
0(
#28216944
1!
1(
b1011100 2
#28227360
0!
0(
#28237776
1!
1(
b1011101 2
#28248192
0!
0(
#28258608
1!
1(
b1011110 2
#28269024
0!
0(
#28279440
1!
1(
b1011111 2
#28289856
0!
0(
#28300272
1!
1(
b1100000 2
#28310688
0!
0(
#28321104
1!
1(
b1100001 2
#28331520
0!
0(
#28341936
1!
1(
b1100010 2
#28352352
0!
0(
#28362768
1!
1(
b1100011 2
#28373184
0!
0(
#28383600
1!
1(
b1100100 2
#28394016
0!
0(
#28404432
1!
1(
b1100101 2
#28414848
0!
0(
#28425264
1!
1(
b1100110 2
#28435680
0!
0(
#28446096
1!
1(
b1100111 2
#28456512
0!
0(
#28466928
1!
1(
b1101000 2
#28477344
0!
0(
#28487760
1!
1(
b1101001 2
#28498176
0!
0(
#28508592
1!
1(
b1101010 2
#28519008
0!
0(
#28529424
1!
1(
b1101011 2
#28539840
0!
0(
#28550256
1!
1(
b1101100 2
#28560672
0!
0(
#28571088
1!
1(
b1101101 2
#28581504
0!
0(
#28591920
1!
1(
b1101110 2
#28602336
0!
0(
#28612752
1!
1(
b1101111 2
#28623168
0!
0(
#28633584
1!
1(
b1110000 2
#28644000
0!
0(
#28654416
1!
1(
b1110001 2
#28664832
0!
0(
#28675248
1!
1(
b1110010 2
#28685664
0!
0(
#28696080
1!
1(
b1110011 2
#28706496
0!
0(
#28716912
1!
1(
b1110100 2
#28727328
0!
0(
#28737744
1!
1(
b1110101 2
#28748160
0!
0(
#28758576
1!
1(
b1110110 2
#28768992
0!
0(
#28779408
1!
1(
b1110111 2
#28789824
0!
0(
#28800240
1!
1(
b1111000 2
#28810656
0!
0(
#28821072
1!
1(
b1111001 2
#28831488
0!
0(
#28841904
1!
1(
b1111010 2
#28852320
0!
0(
#28862736
1!
1(
b1111011 2
#28873152
0!
0(
#28883568
1!
1(
b1111100 2
#28893984
0!
0(
#28904400
1!
1(
b1111101 2
#28914816
0!
0(
#28925232
1!
1(
b1111110 2
#28935648
0!
0(
#28946064
1!
1(
b1111111 2
#28956480
0!
0(
#28966896
1!
1(
b10000000 2
#28977312
0!
0(
#28987728
1!
1(
b10000001 2
#28998144
0!
0(
#29008560
1!
1(
b10000010 2
#29018976
0!
0(
#29029392
1!
1(
b10000011 2
#29039808
0!
0(
#29050224
1!
1(
b10000100 2
#29060640
0!
0(
#29071056
1!
1(
b10000101 2
#29081472
0!
0(
#29091888
1!
1(
b10000110 2
#29102304
0!
0(
#29112720
1!
1(
b10000111 2
#29123136
0!
0(
#29133552
1!
1(
b10001000 2
#29143968
0!
0(
#29154384
1!
1(
b10001001 2
#29164800
0!
0(
#29175216
1!
1(
b10001010 2
#29185632
0!
0(
#29196048
1!
1(
b10001011 2
#29206464
0!
0(
#29216880
1!
1(
b10001100 2
#29227296
0!
0(
#29237712
1!
1(
b10001101 2
#29248128
0!
0(
#29258544
1!
1(
b10001110 2
#29268960
0!
0(
#29279376
1!
1(
b10001111 2
#29289792
0!
0(
#29300208
1!
1(
b10010000 2
#29310624
0!
0(
#29321040
1!
1(
b10010001 2
#29331456
0!
0(
#29341872
1!
1(
b10010010 2
#29352288
0!
0(
#29362704
1!
1(
b10010011 2
#29373120
0!
0(
#29383536
1!
1(
b10010100 2
#29393952
0!
0(
#29404368
1!
1(
b10010101 2
#29414784
0!
0(
#29425200
1!
1(
b10010110 2
#29435616
0!
0(
#29446032
1!
1(
b10010111 2
#29456448
0!
0(
#29466864
1!
1(
b10011000 2
#29477280
0!
0(
#29487696
1!
1(
b10011001 2
#29498112
0!
0(
#29508528
1!
1(
b10011010 2
#29518944
0!
0(
#29529360
1!
1(
b10011011 2
#29539776
0!
0(
#29550192
1!
1(
b10011100 2
#29560608
0!
0(
#29571024
1!
1(
b10011101 2
#29581440
0!
0(
#29591856
1!
1(
b10011110 2
#29602272
0!
0(
#29612688
1!
1(
b10011111 2
#29623104
0!
0(
#29633520
1!
1(
b10100000 2
#29643936
0!
0(
#29654352
1!
1(
b10100001 2
#29664768
0!
0(
#29675184
1!
1(
b10100010 2
#29685600
0!
0(
#29696016
1!
1(
b10100011 2
#29706432
0!
0(
#29716848
1!
1(
b10100100 2
#29727264
0!
0(
#29737680
1!
1(
b10100101 2
#29748096
0!
0(
#29758512
1!
1(
b10100110 2
#29768928
0!
0(
#29779344
1!
1(
b10100111 2
#29789760
0!
0(
#29800176
1!
1(
b10101000 2
#29810592
0!
0(
#29821008
1!
1(
b10101001 2
#29831424
0!
0(
#29841840
1!
1(
b10101010 2
#29852256
0!
0(
#29862672
1!
1(
b10101011 2
#29873088
0!
0(
#29883504
1!
1(
b10101100 2
#29893920
0!
0(
#29904336
1!
1(
b10101101 2
#29914752
0!
0(
#29925168
1!
1(
b10101110 2
#29935584
0!
0(
#29946000
1!
1(
b10101111 2
#29956416
0!
0(
#29966832
1!
1(
b10110000 2
#29977248
0!
0(
#29987664
1!
1(
b10110001 2
#29998080
0!
0(
#30008496
1!
1(
b10110010 2
#30018912
0!
0(
#30029328
1!
1(
b10110011 2
#30039744
0!
0(
#30050160
1!
1(
b10110100 2
#30060576
0!
0(
#30070992
1!
1(
b10110101 2
#30081408
0!
0(
#30091824
1!
1(
b10110110 2
#30102240
0!
0(
#30112656
1!
1(
b10110111 2
#30123072
0!
0(
#30133488
1!
1(
b10111000 2
#30143904
0!
0(
#30154320
1!
1(
b10111001 2
#30164736
0!
0(
#30175152
1!
1(
b10111010 2
#30185568
0!
0(
#30195984
1!
1(
b10111011 2
#30206400
0!
0(
#30216816
1!
1(
b10111100 2
#30227232
0!
0(
#30237648
1!
1(
b10111101 2
#30248064
0!
0(
#30258480
1!
1(
b10111110 2
#30268896
0!
0(
#30279312
1!
1(
b10111111 2
#30289728
0!
0(
#30300144
1!
1(
b11000000 2
#30310560
0!
0(
#30320976
1!
1(
b11000001 2
#30331392
0!
0(
#30341808
1!
1(
b11000010 2
#30352224
0!
0(
#30362640
1!
1(
b11000011 2
#30373056
0!
0(
#30383472
1!
1(
b11000100 2
#30393888
0!
0(
#30404304
1!
1(
b11000101 2
#30414720
0!
0(
#30425136
1!
1(
b11000110 2
#30435552
0!
0(
#30445968
1!
1(
b11000111 2
#30456384
0!
0(
#30466800
1!
1(
b11001000 2
#30477216
0!
0(
#30487632
1!
1(
b11001001 2
#30498048
0!
0(
#30508464
1!
1(
b11001010 2
#30518880
0!
0(
#30529296
1!
1(
b11001011 2
#30539712
0!
0(
#30550128
1!
1(
b11001100 2
#30560544
0!
0(
#30570960
1!
1(
b11001101 2
#30581376
0!
0(
#30591792
1!
1(
b11001110 2
#30602208
0!
0(
#30612624
1!
1(
b11001111 2
#30623040
0!
0(
#30633456
1!
1(
b11010000 2
#30643872
0!
0(
#30654288
1!
1(
b11010001 2
#30664704
0!
0(
#30675120
1!
1(
b11010010 2
#30685536
0!
0(
#30695952
1!
1(
b11010011 2
#30706368
0!
0(
#30716784
1!
1(
b11010100 2
#30727200
0!
0(
#30737616
1!
1(
b11010101 2
#30748032
0!
0(
#30758448
1!
1(
b11010110 2
#30768864
0!
0(
#30779280
1!
1(
b11010111 2
#30789696
0!
0(
#30800112
1!
1(
b11011000 2
#30810528
0!
0(
#30820944
1!
1(
b11011001 2
#30831360
0!
0(
#30841776
1!
1(
b11011010 2
#30852192
0!
0(
#30862608
1!
1(
b11011011 2
#30873024
0!
0(
#30883440
1!
1(
b11011100 2
#30893856
0!
0(
#30904272
1!
1(
b11011101 2
#30914688
0!
0(
#30925104
1!
1(
b11011110 2
#30935520
0!
0(
#30945936
1!
1(
b11011111 2
#30956352
0!
0(
#30966768
1!
1(
b11100000 2
#30977184
0!
0(
#30987600
1!
1(
b11100001 2
#30998016
0!
0(
#31008432
1!
1(
b11100010 2
#31018848
0!
0(
#31029264
1!
1(
b11100011 2
#31039680
0!
0(
#31050096
1!
1(
b11100100 2
#31060512
0!
0(
#31070928
1!
1(
b11100101 2
#31081344
0!
0(
#31091760
1!
1(
b11100110 2
#31102176
0!
0(
#31112592
1!
1(
b11100111 2
#31123008
0!
0(
#31133424
1!
1(
b11101000 2
#31143840
0!
0(
#31154256
1!
1(
b11101001 2
#31164672
0!
0(
#31175088
1!
1(
b11101010 2
#31185504
0!
0(
#31195920
1!
1(
b11101011 2
#31206336
0!
0(
#31216752
1!
1(
b11101100 2
#31227168
0!
0(
#31237584
1!
1(
b11101101 2
#31248000
0!
0(
#31258416
1!
1(
b11101110 2
#31268832
0!
0(
#31279248
1!
1(
b11101111 2
#31289664
0!
0(
#31300080
1!
1(
b11110000 2
#31310496
0!
0(
#31320912
1!
1(
b11110001 2
#31331328
0!
0(
#31341744
1!
1(
b11110010 2
#31352160
0!
0(
#31362576
1!
1(
b11110011 2
#31372992
0!
0(
#31383408
1!
1(
b11110100 2
#31393824
0!
0(
#31404240
1!
1(
b11110101 2
#31414656
0!
0(
#31425072
1!
1(
b11110110 2
#31435488
0!
0(
#31445904
1!
1(
b11110111 2
#31456320
0!
0(
#31466736
1!
1(
b11111000 2
#31477152
0!
0(
#31487568
1!
1(
b11111001 2
#31497984
0!
0(
#31508400
1!
1(
b11111010 2
#31518816
0!
0(
#31529232
1!
1(
b11111011 2
#31539648
0!
0(
#31550064
1!
1(
b11111100 2
#31560480
0!
0(
#31570896
1!
1(
b11111101 2
#31581312
0!
0(
#31591728
1!
1(
b11111110 2
#31602144
0!
0(
#31612560
1!
1(
b11111111 2
#31622976
0!
0(
#31633392
1!
1(
b100000000 2
#31643808
0!
0(
#31654224
1!
1(
b100000001 2
#31664640
0!
0(
#31675056
1!
1(
b100000010 2
#31685472
0!
0(
#31695888
1!
1(
b100000011 2
#31706304
0!
0(
#31716720
1!
1(
b100000100 2
#31727136
0!
0(
#31737552
1!
1(
b100000101 2
#31747968
0!
0(
#31758384
1!
1(
b100000110 2
#31768800
0!
0(
#31779216
1!
1(
b100000111 2
#31789632
0!
0(
#31800048
1!
1(
b100001000 2
#31810464
0!
0(
#31820880
1!
1(
b100001001 2
#31831296
0!
0(
#31841712
1!
1(
b100001010 2
#31852128
0!
0(
#31862544
1!
1(
b100001011 2
#31872960
0!
0(
#31883376
1!
1(
b100001100 2
#31893792
0!
0(
#31904208
1!
1(
b100001101 2
#31914624
0!
0(
#31925040
1!
1(
b100001110 2
#31935456
0!
0(
#31945872
1!
1(
b100001111 2
#31956288
0!
0(
#31966704
1!
1(
b100010000 2
#31977120
0!
0(
#31987536
1!
1(
b100010001 2
#31997952
0!
0(
#32008368
1!
1(
b100010010 2
#32018784
0!
0(
#32029200
1!
1(
b100010011 2
#32039616
0!
0(
#32050032
1!
1(
b100010100 2
#32060448
0!
0(
#32070864
1!
1(
b100010101 2
#32081280
0!
0(
#32091696
1!
1(
b100010110 2
#32102112
0!
0(
#32112528
1!
1(
b100010111 2
#32122944
0!
0(
#32133360
1!
1(
b100011000 2
#32143776
0!
0(
#32154192
1!
1(
b100011001 2
#32164608
0!
0(
#32175024
1!
1(
b100011010 2
#32185440
0!
0(
#32195856
1!
1(
b100011011 2
#32206272
0!
0(
#32216688
1!
1(
b100011100 2
#32227104
0!
0(
#32237520
1!
1(
b100011101 2
#32247936
0!
0(
#32258352
1!
1(
b100011110 2
#32268768
0!
0(
#32279184
1!
1(
b100011111 2
#32289600
0!
0(
#32300016
1!
1(
b100100000 2
#32310432
0!
0(
#32320848
1!
1(
b100100001 2
#32331264
0!
0(
#32341680
1!
1(
b100100010 2
#32352096
0!
0(
#32362512
1!
1(
b100100011 2
#32372928
0!
0(
#32383344
1!
1(
b100100100 2
#32393760
0!
0(
#32404176
1!
1(
b100100101 2
#32414592
0!
0(
#32425008
1!
1(
b100100110 2
#32435424
0!
0(
#32445840
1!
1(
b100100111 2
#32456256
0!
0(
#32466672
1!
1(
b100101000 2
#32477088
0!
0(
#32487504
1!
1(
b100101001 2
#32497920
0!
0(
#32508336
1!
1(
b100101010 2
#32518752
0!
0(
#32529168
1!
1(
b100101011 2
#32539584
0!
0(
#32550000
1!
1(
b100101100 2
#32560416
0!
0(
#32570832
1!
1(
b100101101 2
#32581248
0!
0(
#32591664
1!
1(
b100101110 2
#32602080
0!
0(
#32612496
1!
1(
b100101111 2
#32622912
0!
0(
#32633328
1!
1(
b100110000 2
#32643744
0!
0(
#32654160
1!
1(
b100110001 2
#32664576
0!
0(
#32674992
1!
1(
b100110010 2
#32685408
0!
0(
#32695824
1!
1(
b100110011 2
#32706240
0!
0(
#32716656
1!
1(
b100110100 2
#32727072
0!
0(
#32737488
1!
1(
b100110101 2
#32747904
0!
0(
#32758320
1!
1(
b100110110 2
#32768736
0!
0(
#32779152
1!
1(
b100110111 2
#32789568
0!
0(
#32799984
1!
1(
b100111000 2
#32810400
0!
0(
#32820816
1!
1(
b100111001 2
#32831232
0!
0(
#32841648
1!
1(
b100111010 2
#32852064
0!
0(
#32862480
1!
1(
b100111011 2
#32872896
0!
0(
#32883312
1!
1(
b100111100 2
#32893728
0!
0(
#32904144
1!
1(
b100111101 2
#32914560
0!
0(
#32924976
1!
1(
b100111110 2
#32935392
0!
0(
#32945808
1!
1(
b100111111 2
#32956224
0!
0(
#32966640
1!
1(
b101000000 2
#32977056
0!
0(
#32987472
1!
1(
b101000001 2
#32997888
0!
0(
#33008304
1!
1(
b101000010 2
#33018720
0!
0(
#33029136
1!
1(
b101000011 2
#33039552
0!
0(
#33049968
1!
1(
b101000100 2
#33060384
0!
0(
#33070800
1!
1(
b101000101 2
#33081216
0!
0(
#33091632
1!
1(
b101000110 2
#33102048
0!
0(
#33112464
1!
1(
b101000111 2
#33122880
0!
0(
#33133296
1!
1(
b101001000 2
#33143712
0!
0(
#33154128
1!
1(
b101001001 2
#33164544
0!
0(
#33174960
1!
1(
b101001010 2
#33185376
0!
0(
#33195792
1!
1(
b101001011 2
#33206208
0!
0(
#33216624
1!
1(
b101001100 2
#33227040
0!
0(
#33237456
1!
1(
b101001101 2
#33247872
0!
0(
#33258288
1!
1(
b101001110 2
#33268704
0!
0(
#33279120
1!
1(
b101001111 2
#33289536
0!
0(
#33299952
1!
1(
b101010000 2
#33310368
0!
0(
#33320784
1!
1(
b101010001 2
#33331200
0!
0(
#33341616
1!
1(
b101010010 2
#33352032
0!
0(
#33362448
1!
1(
b101010011 2
#33372864
0!
0(
#33383280
1!
1(
b101010100 2
#33393696
0!
0(
#33404112
1!
1(
b101010101 2
#33414528
0!
0(
#33424944
1!
1(
b101010110 2
#33435360
0!
0(
#33445776
1!
1(
b101010111 2
#33456192
0!
0(
#33466608
1!
1(
b101011000 2
#33477024
0!
0(
#33487440
1!
1(
b101011001 2
#33497856
0!
0(
#33508272
1!
1(
b101011010 2
#33518688
0!
0(
#33529104
1!
1(
b101011011 2
#33539520
0!
0(
#33549936
1!
1(
b101011100 2
#33560352
0!
0(
#33570768
1!
1(
b101011101 2
#33581184
0!
0(
#33591600
1!
1(
b101011110 2
#33602016
0!
0(
#33612432
1!
1(
b101011111 2
#33622848
0!
0(
#33633264
1!
1(
b101100000 2
#33643680
0!
0(
#33654096
1!
1(
b101100001 2
#33664512
0!
0(
#33674928
1!
1(
b101100010 2
#33685344
0!
0(
#33695760
1!
1(
b101100011 2
#33706176
0!
0(
#33716592
1!
1(
b101100100 2
#33727008
0!
0(
#33737424
1!
1(
b101100101 2
#33747840
0!
0(
#33758256
1!
1(
b101100110 2
#33768672
0!
0(
#33779088
1!
1(
b101100111 2
#33789504
0!
0(
#33799920
1!
1(
b101101000 2
#33810336
0!
0(
#33820752
1!
1(
b101101001 2
#33831168
0!
0(
#33841584
1!
1(
b101101010 2
#33852000
0!
0(
#33862416
1!
1(
b101101011 2
#33872832
0!
0(
#33883248
1!
1(
b101101100 2
#33893664
0!
0(
#33904080
1!
1(
b101101101 2
#33914496
0!
0(
#33924912
1!
1(
b101101110 2
#33935328
0!
0(
#33945744
1!
1(
b101101111 2
#33956160
0!
0(
#33966576
1!
1(
b101110000 2
#33976992
0!
0(
#33987408
1!
1(
b101110001 2
#33997824
0!
0(
#34008240
1!
1(
b101110010 2
#34018656
0!
0(
#34029072
1!
1(
b101110011 2
#34039488
0!
0(
#34049904
1!
1(
b101110100 2
#34060320
0!
0(
#34070736
1!
1(
b101110101 2
#34081152
0!
0(
#34091568
1!
1(
b101110110 2
#34101984
0!
0(
#34112400
1!
1(
b101110111 2
#34122816
0!
0(
#34133232
1!
1(
b101111000 2
#34143648
0!
0(
#34154064
1!
1(
b101111001 2
#34164480
0!
0(
#34174896
1!
1(
b101111010 2
#34185312
0!
0(
#34195728
1!
1(
b101111011 2
#34206144
0!
0(
#34216560
1!
1(
b101111100 2
#34226976
0!
0(
#34237392
1!
1(
b101111101 2
#34247808
0!
0(
#34258224
1!
1(
b101111110 2
#34268640
0!
0(
#34279056
1!
1(
b101111111 2
#34289472
0!
0(
#34299888
1!
1(
b110000000 2
#34310304
0!
0(
#34320720
1!
1(
b110000001 2
#34331136
0!
0(
#34341552
1!
1(
b110000010 2
#34351968
0!
0(
#34362384
1!
1(
b110000011 2
#34372800
0!
0(
#34383216
1!
1(
b110000100 2
#34393632
0!
0(
#34404048
1!
1(
b110000101 2
#34414464
0!
0(
#34424880
1!
1(
b110000110 2
#34435296
0!
0(
#34445712
1!
1(
b110000111 2
#34456128
0!
0(
#34466544
1!
1(
b110001000 2
#34476960
0!
0(
#34487376
1!
1(
b110001001 2
#34497792
0!
0(
#34508208
1!
1(
b110001010 2
#34518624
0!
0(
#34529040
1!
1(
b110001011 2
#34539456
0!
0(
#34549872
1!
1(
b110001100 2
#34560288
0!
0(
#34570704
1!
1(
b110001101 2
#34581120
0!
0(
#34591536
1!
1(
b110001110 2
#34601952
0!
0(
#34612368
1!
1(
b110001111 2
#34622784
0!
0(
#34633200
1!
1(
b110010000 2
#34643616
0!
0(
#34654032
1!
1(
b110010001 2
#34664448
0!
0(
#34674864
1!
1(
b110010010 2
#34685280
0!
0(
#34695696
1!
1(
b110010011 2
#34706112
0!
0(
#34716528
1!
1(
b110010100 2
#34726944
0!
0(
#34737360
1!
1(
b110010101 2
#34747776
0!
0(
#34758192
1!
1(
b110010110 2
#34768608
0!
0(
#34779024
1!
1(
b110010111 2
#34789440
0!
0(
#34799856
1!
1(
b110011000 2
#34810272
0!
0(
#34820688
1!
1(
b110011001 2
#34831104
0!
0(
#34841520
1!
1(
b110011010 2
#34851936
0!
0(
#34862352
1!
1(
b110011011 2
#34872768
0!
0(
#34883184
1!
1(
b110011100 2
#34893600
0!
0(
#34904016
1!
1(
b110011101 2
#34914432
0!
0(
#34924848
1!
1(
b110011110 2
#34935264
0!
0(
#34945680
1!
1(
b110011111 2
#34956096
0!
0(
#34966512
1!
1(
b110100000 2
#34976928
0!
0(
#34987344
1!
1(
b0 2
b11 3
#34997760
0!
0(
#35008176
1!
1(
b1 2
#35018592
0!
0(
#35029008
1!
1(
b10 2
#35039424
0!
0(
#35049840
1!
1(
b11 2
#35060256
0!
0(
#35070672
1!
1(
b100 2
#35081088
0!
0(
#35091504
1!
1(
b101 2
#35101920
0!
0(
#35112336
1!
1(
b110 2
#35122752
0!
0(
#35133168
1!
1(
b111 2
#35143584
0!
0(
#35154000
1!
1(
b1000 2
#35164416
0!
0(
#35174832
1!
1(
b1001 2
#35185248
0!
0(
#35195664
1!
1(
b1010 2
#35206080
0!
0(
#35216496
1!
1(
b1011 2
#35226912
0!
0(
#35237328
1!
1(
b1100 2
#35247744
0!
0(
#35258160
1!
1(
b1101 2
#35268576
0!
0(
#35278992
1!
1(
b1110 2
#35289408
0!
0(
#35299824
1!
1(
b1111 2
#35310240
0!
0(
#35320656
1!
1(
b10000 2
#35331072
0!
0(
#35341488
1!
1(
b10001 2
#35351904
0!
0(
#35362320
1!
1(
b10010 2
#35372736
0!
0(
#35383152
1!
1(
b10011 2
#35393568
0!
0(
#35403984
1!
1(
b10100 2
#35414400
0!
0(
#35424816
1!
1(
b10101 2
#35435232
0!
0(
#35445648
1!
1(
b10110 2
#35456064
0!
0(
#35466480
1!
1(
b10111 2
#35476896
0!
0(
#35487312
1!
1(
b11000 2
#35497728
0!
0(
#35508144
1!
1(
b11001 2
#35518560
0!
0(
#35528976
1!
1(
b11010 2
#35539392
0!
0(
#35549808
1!
1(
b11011 2
#35560224
0!
0(
#35570640
1!
1(
b11100 2
#35581056
0!
0(
#35591472
1!
1(
b11101 2
#35601888
0!
0(
#35612304
1!
1(
b11110 2
#35622720
0!
0(
#35633136
1!
1(
b11111 2
#35643552
0!
0(
#35653968
1!
1(
b100000 2
#35664384
0!
0(
#35674800
1!
1(
b100001 2
#35685216
0!
0(
#35695632
1!
1(
b100010 2
#35706048
0!
0(
#35716464
1!
1(
b100011 2
#35726880
0!
0(
#35737296
1!
1(
b100100 2
#35747712
0!
0(
#35758128
1!
1(
b100101 2
#35768544
0!
0(
#35778960
1!
1(
b100110 2
#35789376
0!
0(
#35799792
1!
1(
b100111 2
#35810208
0!
0(
#35820624
1!
1(
b101000 2
#35831040
0!
0(
#35841456
1!
1(
b101001 2
#35851872
0!
0(
#35862288
1!
1(
b101010 2
#35872704
0!
0(
#35883120
1!
1(
b101011 2
#35893536
0!
0(
#35903952
1!
1(
b101100 2
#35914368
0!
0(
#35924784
1!
1(
b101101 2
#35935200
0!
0(
#35945616
1!
1(
b101110 2
#35956032
0!
0(
#35966448
1!
1(
b101111 2
#35976864
0!
0(
#35987280
1!
1(
b110000 2
#35997696
0!
0(
#36008112
1!
1(
b110001 2
#36018528
0!
0(
#36028944
1!
1(
b110010 2
#36039360
0!
0(
#36049776
1!
1(
b110011 2
#36060192
0!
0(
#36070608
1!
1(
b110100 2
#36081024
0!
0(
#36091440
1!
1(
b110101 2
#36101856
0!
0(
#36112272
1!
1(
b110110 2
#36122688
0!
0(
#36133104
1!
1(
b110111 2
#36143520
0!
0(
#36153936
1!
1(
b111000 2
#36164352
0!
0(
#36174768
1!
1(
b111001 2
#36185184
0!
0(
#36195600
1!
1(
b111010 2
#36206016
0!
0(
#36216432
1!
1(
b111011 2
#36226848
0!
0(
#36237264
1!
1(
b111100 2
#36247680
0!
0(
#36258096
1!
1(
b111101 2
#36268512
0!
0(
#36278928
1!
1(
b111110 2
#36289344
0!
0(
#36299760
1!
1(
b111111 2
#36310176
0!
0(
#36320592
1!
1(
b1000000 2
#36331008
0!
0(
#36341424
1!
1(
b1000001 2
#36351840
0!
0(
#36362256
1!
1(
b1000010 2
#36372672
0!
0(
#36383088
1!
1(
b1000011 2
#36393504
0!
0(
#36403920
1!
1(
b1000100 2
#36414336
0!
0(
#36424752
1!
1(
b1000101 2
#36435168
0!
0(
#36445584
1!
1(
b1000110 2
#36456000
0!
0(
#36466416
1!
1(
b1000111 2
#36476832
0!
0(
#36487248
1!
1(
b1001000 2
#36497664
0!
0(
#36508080
1!
1(
b1001001 2
#36518496
0!
0(
#36528912
1!
1(
b1001010 2
#36539328
0!
0(
#36549744
1!
1(
b1001011 2
#36560160
0!
0(
#36570576
1!
1(
b1001100 2
#36580992
0!
0(
#36591408
1!
1(
b1001101 2
#36601824
0!
0(
#36612240
1!
1(
b1001110 2
#36622656
0!
0(
#36633072
1!
1(
b1001111 2
#36643488
0!
0(
#36653904
1!
1(
b1010000 2
#36664320
0!
0(
#36674736
1!
1(
b1010001 2
#36685152
0!
0(
#36695568
1!
1(
b1010010 2
#36705984
0!
0(
#36716400
1!
1(
b1010011 2
#36726816
0!
0(
#36737232
1!
1(
b1010100 2
#36747648
0!
0(
#36758064
1!
1(
b1010101 2
#36768480
0!
0(
#36778896
1!
1(
b1010110 2
#36789312
0!
0(
#36799728
1!
1(
b1010111 2
#36810144
0!
0(
#36820560
1!
1(
b1011000 2
#36830976
0!
0(
#36841392
1!
1(
b1011001 2
#36851808
0!
0(
#36862224
1!
1(
b1011010 2
#36872640
0!
0(
#36883056
1!
1(
b1011011 2
#36893472
0!
0(
#36903888
1!
1(
b1011100 2
#36914304
0!
0(
#36924720
1!
1(
b1011101 2
#36935136
0!
0(
#36945552
1!
1(
b1011110 2
#36955968
0!
0(
#36966384
1!
1(
b1011111 2
#36976800
0!
0(
#36987216
1!
1(
b1100000 2
#36997632
0!
0(
#37008048
1!
1(
b1100001 2
#37018464
0!
0(
#37028880
1!
1(
b1100010 2
#37039296
0!
0(
#37049712
1!
1(
b1100011 2
#37060128
0!
0(
#37070544
1!
1(
b1100100 2
#37080960
0!
0(
#37091376
1!
1(
b1100101 2
#37101792
0!
0(
#37112208
1!
1(
b1100110 2
#37122624
0!
0(
#37133040
1!
1(
b1100111 2
#37143456
0!
0(
#37153872
1!
1(
b1101000 2
#37164288
0!
0(
#37174704
1!
1(
b1101001 2
#37185120
0!
0(
#37195536
1!
1(
b1101010 2
#37205952
0!
0(
#37216368
1!
1(
b1101011 2
#37226784
0!
0(
#37237200
1!
1(
b1101100 2
#37247616
0!
0(
#37258032
1!
1(
b1101101 2
#37268448
0!
0(
#37278864
1!
1(
b1101110 2
#37289280
0!
0(
#37299696
1!
1(
b1101111 2
#37310112
0!
0(
#37320528
1!
1(
b1110000 2
#37330944
0!
0(
#37341360
1!
1(
b1110001 2
#37351776
0!
0(
#37362192
1!
1(
b1110010 2
#37372608
0!
0(
#37383024
1!
1(
b1110011 2
#37393440
0!
0(
#37403856
1!
1(
b1110100 2
#37414272
0!
0(
#37424688
1!
1(
b1110101 2
#37435104
0!
0(
#37445520
1!
1(
b1110110 2
#37455936
0!
0(
#37466352
1!
1(
b1110111 2
#37476768
0!
0(
#37487184
1!
1(
b1111000 2
#37497600
0!
0(
#37508016
1!
1(
b1111001 2
#37518432
0!
0(
#37528848
1!
1(
b1111010 2
#37539264
0!
0(
#37549680
1!
1(
b1111011 2
#37560096
0!
0(
#37570512
1!
1(
b1111100 2
#37580928
0!
0(
#37591344
1!
1(
b1111101 2
#37601760
0!
0(
#37612176
1!
1(
b1111110 2
#37622592
0!
0(
#37633008
1!
1(
b1111111 2
#37643424
0!
0(
#37653840
1!
1(
b10000000 2
#37664256
0!
0(
#37674672
1!
1(
b10000001 2
#37685088
0!
0(
#37695504
1!
1(
b10000010 2
#37705920
0!
0(
#37716336
1!
1(
b10000011 2
#37726752
0!
0(
#37737168
1!
1(
b10000100 2
#37747584
0!
0(
#37758000
1!
1(
b10000101 2
#37768416
0!
0(
#37778832
1!
1(
b10000110 2
#37789248
0!
0(
#37799664
1!
1(
b10000111 2
#37810080
0!
0(
#37820496
1!
1(
b10001000 2
#37830912
0!
0(
#37841328
1!
1(
b10001001 2
#37851744
0!
0(
#37862160
1!
1(
b10001010 2
#37872576
0!
0(
#37882992
1!
1(
b10001011 2
#37893408
0!
0(
#37903824
1!
1(
b10001100 2
#37914240
0!
0(
#37924656
1!
1(
b10001101 2
#37935072
0!
0(
#37945488
1!
1(
b10001110 2
#37955904
0!
0(
#37966320
1!
1(
b10001111 2
#37976736
0!
0(
#37987152
1!
1(
b10010000 2
#37997568
0!
0(
#38007984
1!
1(
b10010001 2
#38018400
0!
0(
#38028816
1!
1(
b10010010 2
#38039232
0!
0(
#38049648
1!
1(
b10010011 2
#38060064
0!
0(
#38070480
1!
1(
b10010100 2
#38080896
0!
0(
#38091312
1!
1(
b10010101 2
#38101728
0!
0(
#38112144
1!
1(
b10010110 2
#38122560
0!
0(
#38132976
1!
1(
b10010111 2
#38143392
0!
0(
#38153808
1!
1(
b10011000 2
#38164224
0!
0(
#38174640
1!
1(
b10011001 2
#38185056
0!
0(
#38195472
1!
1(
b10011010 2
#38205888
0!
0(
#38216304
1!
1(
b10011011 2
#38226720
0!
0(
#38237136
1!
1(
b10011100 2
#38247552
0!
0(
#38257968
1!
1(
b10011101 2
#38268384
0!
0(
#38278800
1!
1(
b10011110 2
#38289216
0!
0(
#38299632
1!
1(
b10011111 2
#38310048
0!
0(
#38320464
1!
1(
b10100000 2
#38330880
0!
0(
#38341296
1!
1(
b10100001 2
#38351712
0!
0(
#38362128
1!
1(
b10100010 2
#38372544
0!
0(
#38382960
1!
1(
b10100011 2
#38393376
0!
0(
#38403792
1!
1(
b10100100 2
#38414208
0!
0(
#38424624
1!
1(
b10100101 2
#38435040
0!
0(
#38445456
1!
1(
b10100110 2
#38455872
0!
0(
#38466288
1!
1(
b10100111 2
#38476704
0!
0(
#38487120
1!
1(
b10101000 2
#38497536
0!
0(
#38507952
1!
1(
b10101001 2
#38518368
0!
0(
#38528784
1!
1(
b10101010 2
#38539200
0!
0(
#38549616
1!
1(
b10101011 2
#38560032
0!
0(
#38570448
1!
1(
b10101100 2
#38580864
0!
0(
#38591280
1!
1(
b10101101 2
#38601696
0!
0(
#38612112
1!
1(
b10101110 2
#38622528
0!
0(
#38632944
1!
1(
b10101111 2
#38643360
0!
0(
#38653776
1!
1(
b10110000 2
#38664192
0!
0(
#38674608
1!
1(
b10110001 2
#38685024
0!
0(
#38695440
1!
1(
b10110010 2
#38705856
0!
0(
#38716272
1!
1(
b10110011 2
#38726688
0!
0(
#38737104
1!
1(
b10110100 2
#38747520
0!
0(
#38757936
1!
1(
b10110101 2
#38768352
0!
0(
#38778768
1!
1(
b10110110 2
#38789184
0!
0(
#38799600
1!
1(
b10110111 2
#38810016
0!
0(
#38820432
1!
1(
b10111000 2
#38830848
0!
0(
#38841264
1!
1(
b10111001 2
#38851680
0!
0(
#38862096
1!
1(
b10111010 2
#38872512
0!
0(
#38882928
1!
1(
b10111011 2
#38893344
0!
0(
#38903760
1!
1(
b10111100 2
#38914176
0!
0(
#38924592
1!
1(
b10111101 2
#38935008
0!
0(
#38945424
1!
1(
b10111110 2
#38955840
0!
0(
#38966256
1!
1(
b10111111 2
#38976672
0!
0(
#38987088
1!
1(
b11000000 2
#38997504
0!
0(
#39007920
1!
1(
b11000001 2
#39018336
0!
0(
#39028752
1!
1(
b11000010 2
#39039168
0!
0(
#39049584
1!
1(
b11000011 2
#39060000
0!
0(
#39070416
1!
1(
b11000100 2
#39080832
0!
0(
#39091248
1!
1(
b11000101 2
#39101664
0!
0(
#39112080
1!
1(
b11000110 2
#39122496
0!
0(
#39132912
1!
1(
b11000111 2
#39143328
0!
0(
#39153744
1!
1(
b11001000 2
#39164160
0!
0(
#39174576
1!
1(
b11001001 2
#39184992
0!
0(
#39195408
1!
1(
b11001010 2
#39205824
0!
0(
#39216240
1!
1(
b11001011 2
#39226656
0!
0(
#39237072
1!
1(
b11001100 2
#39247488
0!
0(
#39257904
1!
1(
b11001101 2
#39268320
0!
0(
#39278736
1!
1(
b11001110 2
#39289152
0!
0(
#39299568
1!
1(
b11001111 2
#39309984
0!
0(
#39320400
1!
1(
b11010000 2
#39330816
0!
0(
#39341232
1!
1(
b11010001 2
#39351648
0!
0(
#39362064
1!
1(
b11010010 2
#39372480
0!
0(
#39382896
1!
1(
b11010011 2
#39393312
0!
0(
#39403728
1!
1(
b11010100 2
#39414144
0!
0(
#39424560
1!
1(
b11010101 2
#39434976
0!
0(
#39445392
1!
1(
b11010110 2
#39455808
0!
0(
#39466224
1!
1(
b11010111 2
#39476640
0!
0(
#39487056
1!
1(
b11011000 2
#39497472
0!
0(
#39507888
1!
1(
b11011001 2
#39518304
0!
0(
#39528720
1!
1(
b11011010 2
#39539136
0!
0(
#39549552
1!
1(
b11011011 2
#39559968
0!
0(
#39570384
1!
1(
b11011100 2
#39580800
0!
0(
#39591216
1!
1(
b11011101 2
#39601632
0!
0(
#39612048
1!
1(
b11011110 2
#39622464
0!
0(
#39632880
1!
1(
b11011111 2
#39643296
0!
0(
#39653712
1!
1(
b11100000 2
#39664128
0!
0(
#39674544
1!
1(
b11100001 2
#39684960
0!
0(
#39695376
1!
1(
b11100010 2
#39705792
0!
0(
#39716208
1!
1(
b11100011 2
#39726624
0!
0(
#39737040
1!
1(
b11100100 2
#39747456
0!
0(
#39757872
1!
1(
b11100101 2
#39768288
0!
0(
#39778704
1!
1(
b11100110 2
#39789120
0!
0(
#39799536
1!
1(
b11100111 2
#39809952
0!
0(
#39820368
1!
1(
b11101000 2
#39830784
0!
0(
#39841200
1!
1(
b11101001 2
#39851616
0!
0(
#39862032
1!
1(
b11101010 2
#39872448
0!
0(
#39882864
1!
1(
b11101011 2
#39893280
0!
0(
#39903696
1!
1(
b11101100 2
#39914112
0!
0(
#39924528
1!
1(
b11101101 2
#39934944
0!
0(
#39945360
1!
1(
b11101110 2
#39955776
0!
0(
#39966192
1!
1(
b11101111 2
#39976608
0!
0(
#39987024
1!
1(
b11110000 2
#39997440
0!
0(
#40007856
1!
1(
b11110001 2
#40018272
0!
0(
#40028688
1!
1(
b11110010 2
#40039104
0!
0(
#40049520
1!
1(
b11110011 2
#40059936
0!
0(
#40070352
1!
1(
b11110100 2
#40080768
0!
0(
#40091184
1!
1(
b11110101 2
#40101600
0!
0(
#40112016
1!
1(
b11110110 2
#40122432
0!
0(
#40132848
1!
1(
b11110111 2
#40143264
0!
0(
#40153680
1!
1(
b11111000 2
#40164096
0!
0(
#40174512
1!
1(
b11111001 2
#40184928
0!
0(
#40195344
1!
1(
b11111010 2
#40205760
0!
0(
#40216176
1!
1(
b11111011 2
#40226592
0!
0(
#40237008
1!
1(
b11111100 2
#40247424
0!
0(
#40257840
1!
1(
b11111101 2
#40268256
0!
0(
#40278672
1!
1(
b11111110 2
#40289088
0!
0(
#40299504
1!
1(
b11111111 2
#40309920
0!
0(
#40320336
1!
1(
b100000000 2
#40330752
0!
0(
#40341168
1!
1(
b100000001 2
#40351584
0!
0(
#40362000
1!
1(
b100000010 2
#40372416
0!
0(
#40382832
1!
1(
b100000011 2
#40393248
0!
0(
#40403664
1!
1(
b100000100 2
#40414080
0!
0(
#40424496
1!
1(
b100000101 2
#40434912
0!
0(
#40445328
1!
1(
b100000110 2
#40455744
0!
0(
#40466160
1!
1(
b100000111 2
#40476576
0!
0(
#40486992
1!
1(
b100001000 2
#40497408
0!
0(
#40507824
1!
1(
b100001001 2
#40518240
0!
0(
#40528656
1!
1(
b100001010 2
#40539072
0!
0(
#40549488
1!
1(
b100001011 2
#40559904
0!
0(
#40570320
1!
1(
b100001100 2
#40580736
0!
0(
#40591152
1!
1(
b100001101 2
#40601568
0!
0(
#40611984
1!
1(
b100001110 2
#40622400
0!
0(
#40632816
1!
1(
b100001111 2
#40643232
0!
0(
#40653648
1!
1(
b100010000 2
#40664064
0!
0(
#40674480
1!
1(
b100010001 2
#40684896
0!
0(
#40695312
1!
1(
b100010010 2
#40705728
0!
0(
#40716144
1!
1(
b100010011 2
#40726560
0!
0(
#40736976
1!
1(
b100010100 2
#40747392
0!
0(
#40757808
1!
1(
b100010101 2
#40768224
0!
0(
#40778640
1!
1(
b100010110 2
#40789056
0!
0(
#40799472
1!
1(
b100010111 2
#40809888
0!
0(
#40820304
1!
1(
b100011000 2
#40830720
0!
0(
#40841136
1!
1(
b100011001 2
#40851552
0!
0(
#40861968
1!
1(
b100011010 2
#40872384
0!
0(
#40882800
1!
1(
b100011011 2
#40893216
0!
0(
#40903632
1!
1(
b100011100 2
#40914048
0!
0(
#40924464
1!
1(
b100011101 2
#40934880
0!
0(
#40945296
1!
1(
b100011110 2
#40955712
0!
0(
#40966128
1!
1(
b100011111 2
#40976544
0!
0(
#40986960
1!
1(
b100100000 2
#40997376
0!
0(
#41007792
1!
1(
b100100001 2
#41018208
0!
0(
#41028624
1!
1(
b100100010 2
#41039040
0!
0(
#41049456
1!
1(
b100100011 2
#41059872
0!
0(
#41070288
1!
1(
b100100100 2
#41080704
0!
0(
#41091120
1!
1(
b100100101 2
#41101536
0!
0(
#41111952
1!
1(
b100100110 2
#41122368
0!
0(
#41132784
1!
1(
b100100111 2
#41143200
0!
0(
#41153616
1!
1(
b100101000 2
#41164032
0!
0(
#41174448
1!
1(
b100101001 2
#41184864
0!
0(
#41195280
1!
1(
b100101010 2
#41205696
0!
0(
#41216112
1!
1(
b100101011 2
#41226528
0!
0(
#41236944
1!
1(
b100101100 2
#41247360
0!
0(
#41257776
1!
1(
b100101101 2
#41268192
0!
0(
#41278608
1!
1(
b100101110 2
#41289024
0!
0(
#41299440
1!
1(
b100101111 2
#41309856
0!
0(
#41320272
1!
1(
b100110000 2
#41330688
0!
0(
#41341104
1!
1(
b100110001 2
#41351520
0!
0(
#41361936
1!
1(
b100110010 2
#41372352
0!
0(
#41382768
1!
1(
b100110011 2
#41393184
0!
0(
#41403600
1!
1(
b100110100 2
#41414016
0!
0(
#41424432
1!
1(
b100110101 2
#41434848
0!
0(
#41445264
1!
1(
b100110110 2
#41455680
0!
0(
#41466096
1!
1(
b100110111 2
#41476512
0!
0(
#41486928
1!
1(
b100111000 2
#41497344
0!
0(
#41507760
1!
1(
b100111001 2
#41518176
0!
0(
#41528592
1!
1(
b100111010 2
#41539008
0!
0(
#41549424
1!
1(
b100111011 2
#41559840
0!
0(
#41570256
1!
1(
b100111100 2
#41580672
0!
0(
#41591088
1!
1(
b100111101 2
#41601504
0!
0(
#41611920
1!
1(
b100111110 2
#41622336
0!
0(
#41632752
1!
1(
b100111111 2
#41643168
0!
0(
#41653584
1!
1(
b101000000 2
#41664000
0!
0(
#41674416
1!
1(
b101000001 2
#41684832
0!
0(
#41695248
1!
1(
b101000010 2
#41705664
0!
0(
#41716080
1!
1(
b101000011 2
#41726496
0!
0(
#41736912
1!
1(
b101000100 2
#41747328
0!
0(
#41757744
1!
1(
b101000101 2
#41768160
0!
0(
#41778576
1!
1(
b101000110 2
#41788992
0!
0(
#41799408
1!
1(
b101000111 2
#41809824
0!
0(
#41820240
1!
1(
b101001000 2
#41830656
0!
0(
#41841072
1!
1(
b101001001 2
#41851488
0!
0(
#41861904
1!
1(
b101001010 2
#41872320
0!
0(
#41882736
1!
1(
b101001011 2
#41893152
0!
0(
#41903568
1!
1(
b101001100 2
#41913984
0!
0(
#41924400
1!
1(
b101001101 2
#41934816
0!
0(
#41945232
1!
1(
b101001110 2
#41955648
0!
0(
#41966064
1!
1(
b101001111 2
#41976480
0!
0(
#41986896
1!
1(
b101010000 2
#41997312
0!
0(
#42007728
1!
1(
b101010001 2
#42018144
0!
0(
#42028560
1!
1(
b101010010 2
#42038976
0!
0(
#42049392
1!
1(
b101010011 2
#42059808
0!
0(
#42070224
1!
1(
b101010100 2
#42080640
0!
0(
#42091056
1!
1(
b101010101 2
#42101472
0!
0(
#42111888
1!
1(
b101010110 2
#42122304
0!
0(
#42132720
1!
1(
b101010111 2
#42143136
0!
0(
#42153552
1!
1(
b101011000 2
#42163968
0!
0(
#42174384
1!
1(
b101011001 2
#42184800
0!
0(
#42195216
1!
1(
b101011010 2
#42205632
0!
0(
#42216048
1!
1(
b101011011 2
#42226464
0!
0(
#42236880
1!
1(
b101011100 2
#42247296
0!
0(
#42257712
1!
1(
b101011101 2
#42268128
0!
0(
#42278544
1!
1(
b101011110 2
#42288960
0!
0(
#42299376
1!
1(
b101011111 2
#42309792
0!
0(
#42320208
1!
1(
b101100000 2
#42330624
0!
0(
#42341040
1!
1(
b101100001 2
#42351456
0!
0(
#42361872
1!
1(
b101100010 2
#42372288
0!
0(
#42382704
1!
1(
b101100011 2
#42393120
0!
0(
#42403536
1!
1(
b101100100 2
#42413952
0!
0(
#42424368
1!
1(
b101100101 2
#42434784
0!
0(
#42445200
1!
1(
b101100110 2
#42455616
0!
0(
#42466032
1!
1(
b101100111 2
#42476448
0!
0(
#42486864
1!
1(
b101101000 2
#42497280
0!
0(
#42507696
1!
1(
b101101001 2
#42518112
0!
0(
#42528528
1!
1(
b101101010 2
#42538944
0!
0(
#42549360
1!
1(
b101101011 2
#42559776
0!
0(
#42570192
1!
1(
b101101100 2
#42580608
0!
0(
#42591024
1!
1(
b101101101 2
#42601440
0!
0(
#42611856
1!
1(
b101101110 2
#42622272
0!
0(
#42632688
1!
1(
b101101111 2
#42643104
0!
0(
#42653520
1!
1(
b101110000 2
#42663936
0!
0(
#42674352
1!
1(
b101110001 2
#42684768
0!
0(
#42695184
1!
1(
b101110010 2
#42705600
0!
0(
#42716016
1!
1(
b101110011 2
#42726432
0!
0(
#42736848
1!
1(
b101110100 2
#42747264
0!
0(
#42757680
1!
1(
b101110101 2
#42768096
0!
0(
#42778512
1!
1(
b101110110 2
#42788928
0!
0(
#42799344
1!
1(
b101110111 2
#42809760
0!
0(
#42820176
1!
1(
b101111000 2
#42830592
0!
0(
#42841008
1!
1(
b101111001 2
#42851424
0!
0(
#42861840
1!
1(
b101111010 2
#42872256
0!
0(
#42882672
1!
1(
b101111011 2
#42893088
0!
0(
#42903504
1!
1(
b101111100 2
#42913920
0!
0(
#42924336
1!
1(
b101111101 2
#42934752
0!
0(
#42945168
1!
1(
b101111110 2
#42955584
0!
0(
#42966000
1!
1(
b101111111 2
#42976416
0!
0(
#42986832
1!
1(
b110000000 2
#42997248
0!
0(
#43007664
1!
1(
b110000001 2
#43018080
0!
0(
#43028496
1!
1(
b110000010 2
#43038912
0!
0(
#43049328
1!
1(
b110000011 2
#43059744
0!
0(
#43070160
1!
1(
b110000100 2
#43080576
0!
0(
#43090992
1!
1(
b110000101 2
#43101408
0!
0(
#43111824
1!
1(
b110000110 2
#43122240
0!
0(
#43132656
1!
1(
b110000111 2
#43143072
0!
0(
#43153488
1!
1(
b110001000 2
#43163904
0!
0(
#43174320
1!
1(
b110001001 2
#43184736
0!
0(
#43195152
1!
1(
b110001010 2
#43205568
0!
0(
#43215984
1!
1(
b110001011 2
#43226400
0!
0(
#43236816
1!
1(
b110001100 2
#43247232
0!
0(
#43257648
1!
1(
b110001101 2
#43268064
0!
0(
#43278480
1!
1(
b110001110 2
#43288896
0!
0(
#43299312
1!
1(
b110001111 2
#43309728
0!
0(
#43320144
1!
1(
b110010000 2
#43330560
0!
0(
#43340976
1!
1(
b110010001 2
#43351392
0!
0(
#43361808
1!
1(
b110010010 2
#43372224
0!
0(
#43382640
1!
1(
b110010011 2
#43393056
0!
0(
#43403472
1!
1(
b110010100 2
#43413888
0!
0(
#43424304
1!
1(
b110010101 2
#43434720
0!
0(
#43445136
1!
1(
b110010110 2
#43455552
0!
0(
#43465968
1!
1(
b110010111 2
#43476384
0!
0(
#43486800
1!
1(
b110011000 2
#43497216
0!
0(
#43507632
1!
1(
b110011001 2
#43518048
0!
0(
#43528464
1!
1(
b110011010 2
#43538880
0!
0(
#43549296
1!
1(
b110011011 2
#43559712
0!
0(
#43570128
1!
1(
b110011100 2
#43580544
0!
0(
#43590960
1!
1(
b110011101 2
#43601376
0!
0(
#43611792
1!
1(
b110011110 2
#43622208
0!
0(
#43632624
1!
1(
b110011111 2
#43643040
0!
0(
#43653456
1!
1(
b110100000 2
#43663872
0!
0(
#43674288
1!
1(
b0 2
b100 3
#43684704
0!
0(
#43695120
1!
1(
b1 2
#43705536
0!
0(
#43715952
1!
1(
b10 2
#43726368
0!
0(
#43736784
1!
1(
b11 2
#43747200
0!
0(
#43757616
1!
1(
b100 2
#43768032
0!
0(
#43778448
1!
1(
b101 2
#43788864
0!
0(
#43799280
1!
1(
b110 2
#43809696
0!
0(
#43820112
1!
1(
b111 2
#43830528
0!
0(
#43840944
1!
1(
b1000 2
#43851360
0!
0(
#43861776
1!
1(
b1001 2
#43872192
0!
0(
#43882608
1!
1(
b1010 2
#43893024
0!
0(
#43903440
1!
1(
b1011 2
#43913856
0!
0(
#43924272
1!
1(
b1100 2
#43934688
0!
0(
#43945104
1!
1(
b1101 2
#43955520
0!
0(
#43965936
1!
1(
b1110 2
#43976352
0!
0(
#43986768
1!
1(
b1111 2
#43997184
0!
0(
#44007600
1!
1(
b10000 2
#44018016
0!
0(
#44028432
1!
1(
b10001 2
#44038848
0!
0(
#44049264
1!
1(
b10010 2
#44059680
0!
0(
#44070096
1!
1(
b10011 2
#44080512
0!
0(
#44090928
1!
1(
b10100 2
#44101344
0!
0(
#44111760
1!
1(
b10101 2
#44122176
0!
0(
#44132592
1!
1(
b10110 2
#44143008
0!
0(
#44153424
1!
1(
b10111 2
#44163840
0!
0(
#44174256
1!
1(
b11000 2
#44184672
0!
0(
#44195088
1!
1(
b11001 2
#44205504
0!
0(
#44215920
1!
1(
b11010 2
#44226336
0!
0(
#44236752
1!
1(
b11011 2
#44247168
0!
0(
#44257584
1!
1(
b11100 2
#44268000
0!
0(
#44278416
1!
1(
b11101 2
#44288832
0!
0(
#44299248
1!
1(
b11110 2
#44309664
0!
0(
#44320080
1!
1(
b11111 2
#44330496
0!
0(
#44340912
1!
1(
b100000 2
#44351328
0!
0(
#44361744
1!
1(
b100001 2
#44372160
0!
0(
#44382576
1!
1(
b100010 2
#44392992
0!
0(
#44403408
1!
1(
b100011 2
#44413824
0!
0(
#44424240
1!
1(
b100100 2
#44434656
0!
0(
#44445072
1!
1(
b100101 2
#44455488
0!
0(
#44465904
1!
1(
b100110 2
#44476320
0!
0(
#44486736
1!
1(
b100111 2
#44497152
0!
0(
#44507568
1!
1(
b101000 2
#44517984
0!
0(
#44528400
1!
1(
b101001 2
#44538816
0!
0(
#44549232
1!
1(
b101010 2
#44559648
0!
0(
#44570064
1!
1(
b101011 2
#44580480
0!
0(
#44590896
1!
1(
b101100 2
#44601312
0!
0(
#44611728
1!
1(
b101101 2
#44622144
0!
0(
#44632560
1!
1(
b101110 2
#44642976
0!
0(
#44653392
1!
1(
b101111 2
#44663808
0!
0(
#44674224
1!
1(
b110000 2
#44684640
0!
0(
#44695056
1!
1(
b110001 2
#44705472
0!
0(
#44715888
1!
1(
b110010 2
#44726304
0!
0(
#44736720
1!
1(
b110011 2
#44747136
0!
0(
#44757552
1!
1(
b110100 2
#44767968
0!
0(
#44778384
1!
1(
b110101 2
#44788800
0!
0(
#44799216
1!
1(
b110110 2
#44809632
0!
0(
#44820048
1!
1(
b110111 2
#44830464
0!
0(
#44840880
1!
1(
b111000 2
#44851296
0!
0(
#44861712
1!
1(
b111001 2
#44872128
0!
0(
#44882544
1!
1(
b111010 2
#44892960
0!
0(
#44903376
1!
1(
b111011 2
#44913792
0!
0(
#44924208
1!
1(
b111100 2
#44934624
0!
0(
#44945040
1!
1(
b111101 2
#44955456
0!
0(
#44965872
1!
1(
b111110 2
#44976288
0!
0(
#44986704
1!
1(
b111111 2
#44997120
0!
0(
#45007536
1!
1(
b1000000 2
#45017952
0!
0(
#45028368
1!
1(
b1000001 2
#45038784
0!
0(
#45049200
1!
1(
b1000010 2
#45059616
0!
0(
#45070032
1!
1(
b1000011 2
#45080448
0!
0(
#45090864
1!
1(
b1000100 2
#45101280
0!
0(
#45111696
1!
1(
b1000101 2
#45122112
0!
0(
#45132528
1!
1(
b1000110 2
#45142944
0!
0(
#45153360
1!
1(
b1000111 2
#45163776
0!
0(
#45174192
1!
1(
b1001000 2
#45184608
0!
0(
#45195024
1!
1(
b1001001 2
#45205440
0!
0(
#45215856
1!
1(
b1001010 2
#45226272
0!
0(
#45236688
1!
1(
b1001011 2
#45247104
0!
0(
#45257520
1!
1(
b1001100 2
#45267936
0!
0(
#45278352
1!
1(
b1001101 2
#45288768
0!
0(
#45299184
1!
1(
b1001110 2
#45309600
0!
0(
#45320016
1!
1(
b1001111 2
#45330432
0!
0(
#45340848
1!
1(
b1010000 2
#45351264
0!
0(
#45361680
1!
1(
b1010001 2
#45372096
0!
0(
#45382512
1!
1(
b1010010 2
#45392928
0!
0(
#45403344
1!
1(
b1010011 2
#45413760
0!
0(
#45424176
1!
1(
b1010100 2
#45434592
0!
0(
#45445008
1!
1(
b1010101 2
#45455424
0!
0(
#45465840
1!
1(
b1010110 2
#45476256
0!
0(
#45486672
1!
1(
b1010111 2
#45497088
0!
0(
#45507504
1!
1(
b1011000 2
#45517920
0!
0(
#45528336
1!
1(
b1011001 2
#45538752
0!
0(
#45549168
1!
1(
b1011010 2
#45559584
0!
0(
#45570000
1!
1(
b1011011 2
#45580416
0!
0(
#45590832
1!
1(
b1011100 2
#45601248
0!
0(
#45611664
1!
1(
b1011101 2
#45622080
0!
0(
#45632496
1!
1(
b1011110 2
#45642912
0!
0(
#45653328
1!
1(
b1011111 2
#45663744
0!
0(
#45674160
1!
1(
b1100000 2
#45684576
0!
0(
#45694992
1!
1(
b1100001 2
#45705408
0!
0(
#45715824
1!
1(
b1100010 2
#45726240
0!
0(
#45736656
1!
1(
b1100011 2
#45747072
0!
0(
#45757488
1!
1(
b1100100 2
#45767904
0!
0(
#45778320
1!
1(
b1100101 2
#45788736
0!
0(
#45799152
1!
1(
b1100110 2
#45809568
0!
0(
#45819984
1!
1(
b1100111 2
#45830400
0!
0(
#45840816
1!
1(
b1101000 2
#45851232
0!
0(
#45861648
1!
1(
b1101001 2
#45872064
0!
0(
#45882480
1!
1(
b1101010 2
#45892896
0!
0(
#45903312
1!
1(
b1101011 2
#45913728
0!
0(
#45924144
1!
1(
b1101100 2
#45934560
0!
0(
#45944976
1!
1(
b1101101 2
#45955392
0!
0(
#45965808
1!
1(
b1101110 2
#45976224
0!
0(
#45986640
1!
1(
b1101111 2
#45997056
0!
0(
#46007472
1!
1(
b1110000 2
#46017888
0!
0(
#46028304
1!
1(
b1110001 2
#46038720
0!
0(
#46049136
1!
1(
b1110010 2
#46059552
0!
0(
#46069968
1!
1(
b1110011 2
#46080384
0!
0(
#46090800
1!
1(
b1110100 2
#46101216
0!
0(
#46111632
1!
1(
b1110101 2
#46122048
0!
0(
#46132464
1!
1(
b1110110 2
#46142880
0!
0(
#46153296
1!
1(
b1110111 2
#46163712
0!
0(
#46174128
1!
1(
b1111000 2
#46184544
0!
0(
#46194960
1!
1(
b1111001 2
#46205376
0!
0(
#46215792
1!
1(
b1111010 2
#46226208
0!
0(
#46236624
1!
1(
b1111011 2
#46247040
0!
0(
#46257456
1!
1(
b1111100 2
#46267872
0!
0(
#46278288
1!
1(
b1111101 2
#46288704
0!
0(
#46299120
1!
1(
b1111110 2
#46309536
0!
0(
#46319952
1!
1(
b1111111 2
#46330368
0!
0(
#46340784
1!
1(
b10000000 2
#46351200
0!
0(
#46361616
1!
1(
b10000001 2
#46372032
0!
0(
#46382448
1!
1(
b10000010 2
#46392864
0!
0(
#46403280
1!
1(
b10000011 2
#46413696
0!
0(
#46424112
1!
1(
b10000100 2
#46434528
0!
0(
#46444944
1!
1(
b10000101 2
#46455360
0!
0(
#46465776
1!
1(
b10000110 2
#46476192
0!
0(
#46486608
1!
1(
b10000111 2
#46497024
0!
0(
#46507440
1!
1(
b10001000 2
#46517856
0!
0(
#46528272
1!
1(
b10001001 2
#46538688
0!
0(
#46549104
1!
1(
b10001010 2
#46559520
0!
0(
#46569936
1!
1(
b10001011 2
#46580352
0!
0(
#46590768
1!
1(
b10001100 2
#46601184
0!
0(
#46611600
1!
1(
b10001101 2
#46622016
0!
0(
#46632432
1!
1(
b10001110 2
#46642848
0!
0(
#46653264
1!
1(
b10001111 2
#46663680
0!
0(
#46674096
1!
1(
b10010000 2
#46684512
0!
0(
#46694928
1!
1(
b10010001 2
#46705344
0!
0(
#46715760
1!
1(
b10010010 2
#46726176
0!
0(
#46736592
1!
1(
b10010011 2
#46747008
0!
0(
#46757424
1!
1(
b10010100 2
#46767840
0!
0(
#46778256
1!
1(
b10010101 2
#46788672
0!
0(
#46799088
1!
1(
b10010110 2
#46809504
0!
0(
#46819920
1!
1(
b10010111 2
#46830336
0!
0(
#46840752
1!
1(
b10011000 2
#46851168
0!
0(
#46861584
1!
1(
b10011001 2
#46872000
0!
0(
#46882416
1!
1(
b10011010 2
#46892832
0!
0(
#46903248
1!
1(
b10011011 2
#46913664
0!
0(
#46924080
1!
1(
b10011100 2
#46934496
0!
0(
#46944912
1!
1(
b10011101 2
#46955328
0!
0(
#46965744
1!
1(
b10011110 2
#46976160
0!
0(
#46986576
1!
1(
b10011111 2
#46996992
0!
0(
#47007408
1!
1(
b10100000 2
#47017824
0!
0(
#47028240
1!
1(
b10100001 2
#47038656
0!
0(
#47049072
1!
1(
b10100010 2
#47059488
0!
0(
#47069904
1!
1(
b10100011 2
#47080320
0!
0(
#47090736
1!
1(
b10100100 2
#47101152
0!
0(
#47111568
1!
1(
b10100101 2
#47121984
0!
0(
#47132400
1!
1(
b10100110 2
#47142816
0!
0(
#47153232
1!
1(
b10100111 2
#47163648
0!
0(
#47174064
1!
1(
b10101000 2
#47184480
0!
0(
#47194896
1!
1(
b10101001 2
#47205312
0!
0(
#47215728
1!
1(
b10101010 2
#47226144
0!
0(
#47236560
1!
1(
b10101011 2
#47246976
0!
0(
#47257392
1!
1(
b10101100 2
#47267808
0!
0(
#47278224
1!
1(
b10101101 2
#47288640
0!
0(
#47299056
1!
1(
b10101110 2
#47309472
0!
0(
#47319888
1!
1(
b10101111 2
#47330304
0!
0(
#47340720
1!
1(
b10110000 2
#47351136
0!
0(
#47361552
1!
1(
b10110001 2
#47371968
0!
0(
#47382384
1!
1(
b10110010 2
#47392800
0!
0(
#47403216
1!
1(
b10110011 2
#47413632
0!
0(
#47424048
1!
1(
b10110100 2
#47434464
0!
0(
#47444880
1!
1(
b10110101 2
#47455296
0!
0(
#47465712
1!
1(
b10110110 2
#47476128
0!
0(
#47486544
1!
1(
b10110111 2
#47496960
0!
0(
#47507376
1!
1(
b10111000 2
#47517792
0!
0(
#47528208
1!
1(
b10111001 2
#47538624
0!
0(
#47549040
1!
1(
b10111010 2
#47559456
0!
0(
#47569872
1!
1(
b10111011 2
#47580288
0!
0(
#47590704
1!
1(
b10111100 2
#47601120
0!
0(
#47611536
1!
1(
b10111101 2
#47621952
0!
0(
#47632368
1!
1(
b10111110 2
#47642784
0!
0(
#47653200
1!
1(
b10111111 2
#47663616
0!
0(
#47674032
1!
1(
b11000000 2
#47684448
0!
0(
#47694864
1!
1(
b11000001 2
#47705280
0!
0(
#47715696
1!
1(
b11000010 2
#47726112
0!
0(
#47736528
1!
1(
b11000011 2
#47746944
0!
0(
#47757360
1!
1(
b11000100 2
#47767776
0!
0(
#47778192
1!
1(
b11000101 2
#47788608
0!
0(
#47799024
1!
1(
b11000110 2
#47809440
0!
0(
#47819856
1!
1(
b11000111 2
#47830272
0!
0(
#47840688
1!
1(
b11001000 2
#47851104
0!
0(
#47861520
1!
1(
b11001001 2
#47871936
0!
0(
#47882352
1!
1(
b11001010 2
#47892768
0!
0(
#47903184
1!
1(
b11001011 2
#47913600
0!
0(
#47924016
1!
1(
b11001100 2
#47934432
0!
0(
#47944848
1!
1(
b11001101 2
#47955264
0!
0(
#47965680
1!
1(
b11001110 2
#47976096
0!
0(
#47986512
1!
1(
b11001111 2
#47996928
0!
0(
#48007344
1!
1(
b11010000 2
#48017760
0!
0(
#48028176
1!
1(
b11010001 2
#48038592
0!
0(
#48049008
1!
1(
b11010010 2
#48059424
0!
0(
#48069840
1!
1(
b11010011 2
#48080256
0!
0(
#48090672
1!
1(
b11010100 2
#48101088
0!
0(
#48111504
1!
1(
b11010101 2
#48121920
0!
0(
#48132336
1!
1(
b11010110 2
#48142752
0!
0(
#48153168
1!
1(
b11010111 2
#48163584
0!
0(
#48174000
1!
1(
b11011000 2
#48184416
0!
0(
#48194832
1!
1(
b11011001 2
#48205248
0!
0(
#48215664
1!
1(
b11011010 2
#48226080
0!
0(
#48236496
1!
1(
b11011011 2
#48246912
0!
0(
#48257328
1!
1(
b11011100 2
#48267744
0!
0(
#48278160
1!
1(
b11011101 2
#48288576
0!
0(
#48298992
1!
1(
b11011110 2
#48309408
0!
0(
#48319824
1!
1(
b11011111 2
#48330240
0!
0(
#48340656
1!
1(
b11100000 2
#48351072
0!
0(
#48361488
1!
1(
b11100001 2
#48371904
0!
0(
#48382320
1!
1(
b11100010 2
#48392736
0!
0(
#48403152
1!
1(
b11100011 2
#48413568
0!
0(
#48423984
1!
1(
b11100100 2
#48434400
0!
0(
#48444816
1!
1(
b11100101 2
#48455232
0!
0(
#48465648
1!
1(
b11100110 2
#48476064
0!
0(
#48486480
1!
1(
b11100111 2
#48496896
0!
0(
#48507312
1!
1(
b11101000 2
#48517728
0!
0(
#48528144
1!
1(
b11101001 2
#48538560
0!
0(
#48548976
1!
1(
b11101010 2
#48559392
0!
0(
#48569808
1!
1(
b11101011 2
#48580224
0!
0(
#48590640
1!
1(
b11101100 2
#48601056
0!
0(
#48611472
1!
1(
b11101101 2
#48621888
0!
0(
#48632304
1!
1(
b11101110 2
#48642720
0!
0(
#48653136
1!
1(
b11101111 2
#48663552
0!
0(
#48673968
1!
1(
b11110000 2
#48684384
0!
0(
#48694800
1!
1(
b11110001 2
#48705216
0!
0(
#48715632
1!
1(
b11110010 2
#48726048
0!
0(
#48736464
1!
1(
b11110011 2
#48746880
0!
0(
#48757296
1!
1(
b11110100 2
#48767712
0!
0(
#48778128
1!
1(
b11110101 2
#48788544
0!
0(
#48798960
1!
1(
b11110110 2
#48809376
0!
0(
#48819792
1!
1(
b11110111 2
#48830208
0!
0(
#48840624
1!
1(
b11111000 2
#48851040
0!
0(
#48861456
1!
1(
b11111001 2
#48871872
0!
0(
#48882288
1!
1(
b11111010 2
#48892704
0!
0(
#48903120
1!
1(
b11111011 2
#48913536
0!
0(
#48923952
1!
1(
b11111100 2
#48934368
0!
0(
#48944784
1!
1(
b11111101 2
#48955200
0!
0(
#48965616
1!
1(
b11111110 2
#48976032
0!
0(
#48986448
1!
1(
b11111111 2
#48996864
0!
0(
#49007280
1!
1(
b100000000 2
#49017696
0!
0(
#49028112
1!
1(
b100000001 2
#49038528
0!
0(
#49048944
1!
1(
b100000010 2
#49059360
0!
0(
#49069776
1!
1(
b100000011 2
#49080192
0!
0(
#49090608
1!
1(
b100000100 2
#49101024
0!
0(
#49111440
1!
1(
b100000101 2
#49121856
0!
0(
#49132272
1!
1(
b100000110 2
#49142688
0!
0(
#49153104
1!
1(
b100000111 2
#49163520
0!
0(
#49173936
1!
1(
b100001000 2
#49184352
0!
0(
#49194768
1!
1(
b100001001 2
#49205184
0!
0(
#49215600
1!
1(
b100001010 2
#49226016
0!
0(
#49236432
1!
1(
b100001011 2
#49246848
0!
0(
#49257264
1!
1(
b100001100 2
#49267680
0!
0(
#49278096
1!
1(
b100001101 2
#49288512
0!
0(
#49298928
1!
1(
b100001110 2
#49309344
0!
0(
#49319760
1!
1(
b100001111 2
#49330176
0!
0(
#49340592
1!
1(
b100010000 2
#49351008
0!
0(
#49361424
1!
1(
b100010001 2
#49371840
0!
0(
#49382256
1!
1(
b100010010 2
#49392672
0!
0(
#49403088
1!
1(
b100010011 2
#49413504
0!
0(
#49423920
1!
1(
b100010100 2
#49434336
0!
0(
#49444752
1!
1(
b100010101 2
#49455168
0!
0(
#49465584
1!
1(
b100010110 2
#49476000
0!
0(
#49486416
1!
1(
b100010111 2
#49496832
0!
0(
#49507248
1!
1(
b100011000 2
#49517664
0!
0(
#49528080
1!
1(
b100011001 2
#49538496
0!
0(
#49548912
1!
1(
b100011010 2
#49559328
0!
0(
#49569744
1!
1(
b100011011 2
#49580160
0!
0(
#49590576
1!
1(
b100011100 2
#49600992
0!
0(
#49611408
1!
1(
b100011101 2
#49621824
0!
0(
#49632240
1!
1(
b100011110 2
#49642656
0!
0(
#49653072
1!
1(
b100011111 2
#49663488
0!
0(
#49673904
1!
1(
b100100000 2
#49684320
0!
0(
#49694736
1!
1(
b100100001 2
#49705152
0!
0(
#49715568
1!
1(
b100100010 2
#49725984
0!
0(
#49736400
1!
1(
b100100011 2
#49746816
0!
0(
#49757232
1!
1(
b100100100 2
#49767648
0!
0(
#49778064
1!
1(
b100100101 2
#49788480
0!
0(
#49798896
1!
1(
b100100110 2
#49809312
0!
0(
#49819728
1!
1(
b100100111 2
#49830144
0!
0(
#49840560
1!
1(
b100101000 2
#49850976
0!
0(
#49861392
1!
1(
b100101001 2
#49871808
0!
0(
#49882224
1!
1(
b100101010 2
#49892640
0!
0(
#49903056
1!
1(
b100101011 2
#49913472
0!
0(
#49923888
1!
1(
b100101100 2
#49934304
0!
0(
#49944720
1!
1(
b100101101 2
#49955136
0!
0(
#49965552
1!
1(
b100101110 2
#49975968
0!
0(
#49986384
1!
1(
b100101111 2
#49996800
0!
0(
#50007216
1!
1(
b100110000 2
#50017632
0!
0(
#50028048
1!
1(
b100110001 2
#50038464
0!
0(
#50048880
1!
1(
b100110010 2
#50059296
0!
0(
#50069712
1!
1(
b100110011 2
#50080128
0!
0(
#50090544
1!
1(
b100110100 2
#50100960
0!
0(
#50111376
1!
1(
b100110101 2
#50121792
0!
0(
#50132208
1!
1(
b100110110 2
#50142624
0!
0(
#50153040
1!
1(
b100110111 2
#50163456
0!
0(
#50173872
1!
1(
b100111000 2
#50184288
0!
0(
#50194704
1!
1(
b100111001 2
#50205120
0!
0(
#50215536
1!
1(
b100111010 2
#50225952
0!
0(
#50236368
1!
1(
b100111011 2
#50246784
0!
0(
#50257200
1!
1(
b100111100 2
#50267616
0!
0(
#50278032
1!
1(
b100111101 2
#50288448
0!
0(
#50298864
1!
1(
b100111110 2
#50309280
0!
0(
#50319696
1!
1(
b100111111 2
#50330112
0!
0(
#50340528
1!
1(
b101000000 2
#50350944
0!
0(
#50361360
1!
1(
b101000001 2
#50371776
0!
0(
#50382192
1!
1(
b101000010 2
#50392608
0!
0(
#50403024
1!
1(
b101000011 2
#50413440
0!
0(
#50423856
1!
1(
b101000100 2
#50434272
0!
0(
#50444688
1!
1(
b101000101 2
#50455104
0!
0(
#50465520
1!
1(
b101000110 2
#50475936
0!
0(
#50486352
1!
1(
b101000111 2
#50496768
0!
0(
#50507184
1!
1(
b101001000 2
#50517600
0!
0(
#50528016
1!
1(
b101001001 2
#50538432
0!
0(
#50548848
1!
1(
b101001010 2
#50559264
0!
0(
#50569680
1!
1(
b101001011 2
#50580096
0!
0(
#50590512
1!
1(
b101001100 2
#50600928
0!
0(
#50611344
1!
1(
b101001101 2
#50621760
0!
0(
#50632176
1!
1(
b101001110 2
#50642592
0!
0(
#50653008
1!
1(
b101001111 2
#50663424
0!
0(
#50673840
1!
1(
b101010000 2
#50684256
0!
0(
#50694672
1!
1(
b101010001 2
#50705088
0!
0(
#50715504
1!
1(
b101010010 2
#50725920
0!
0(
#50736336
1!
1(
b101010011 2
#50746752
0!
0(
#50757168
1!
1(
b101010100 2
#50767584
0!
0(
#50778000
1!
1(
b101010101 2
#50788416
0!
0(
#50798832
1!
1(
b101010110 2
#50809248
0!
0(
#50819664
1!
1(
b101010111 2
#50830080
0!
0(
#50840496
1!
1(
b101011000 2
#50850912
0!
0(
#50861328
1!
1(
b101011001 2
#50871744
0!
0(
#50882160
1!
1(
b101011010 2
#50892576
0!
0(
#50902992
1!
1(
b101011011 2
#50913408
0!
0(
#50923824
1!
1(
b101011100 2
#50934240
0!
0(
#50944656
1!
1(
b101011101 2
#50955072
0!
0(
#50965488
1!
1(
b101011110 2
#50975904
0!
0(
#50986320
1!
1(
b101011111 2
#50996736
0!
0(
#51007152
1!
1(
b101100000 2
#51017568
0!
0(
#51027984
1!
1(
b101100001 2
#51038400
0!
0(
#51048816
1!
1(
b101100010 2
#51059232
0!
0(
#51069648
1!
1(
b101100011 2
#51080064
0!
0(
#51090480
1!
1(
b101100100 2
#51100896
0!
0(
#51111312
1!
1(
b101100101 2
#51121728
0!
0(
#51132144
1!
1(
b101100110 2
#51142560
0!
0(
#51152976
1!
1(
b101100111 2
#51163392
0!
0(
#51173808
1!
1(
b101101000 2
#51184224
0!
0(
#51194640
1!
1(
b101101001 2
#51205056
0!
0(
#51215472
1!
1(
b101101010 2
#51225888
0!
0(
#51236304
1!
1(
b101101011 2
#51246720
0!
0(
#51257136
1!
1(
b101101100 2
#51267552
0!
0(
#51277968
1!
1(
b101101101 2
#51288384
0!
0(
#51298800
1!
1(
b101101110 2
#51309216
0!
0(
#51319632
1!
1(
b101101111 2
#51330048
0!
0(
#51340464
1!
1(
b101110000 2
#51350880
0!
0(
#51361296
1!
1(
b101110001 2
#51371712
0!
0(
#51382128
1!
1(
b101110010 2
#51392544
0!
0(
#51402960
1!
1(
b101110011 2
#51413376
0!
0(
#51423792
1!
1(
b101110100 2
#51434208
0!
0(
#51444624
1!
1(
b101110101 2
#51455040
0!
0(
#51465456
1!
1(
b101110110 2
#51475872
0!
0(
#51486288
1!
1(
b101110111 2
#51496704
0!
0(
#51507120
1!
1(
b101111000 2
#51517536
0!
0(
#51527952
1!
1(
b101111001 2
#51538368
0!
0(
#51548784
1!
1(
b101111010 2
#51559200
0!
0(
#51569616
1!
1(
b101111011 2
#51580032
0!
0(
#51590448
1!
1(
b101111100 2
#51600864
0!
0(
#51611280
1!
1(
b101111101 2
#51621696
0!
0(
#51632112
1!
1(
b101111110 2
#51642528
0!
0(
#51652944
1!
1(
b101111111 2
#51663360
0!
0(
#51673776
1!
1(
b110000000 2
#51684192
0!
0(
#51694608
1!
1(
b110000001 2
#51705024
0!
0(
#51715440
1!
1(
b110000010 2
#51725856
0!
0(
#51736272
1!
1(
b110000011 2
#51746688
0!
0(
#51757104
1!
1(
b110000100 2
#51767520
0!
0(
#51777936
1!
1(
b110000101 2
#51788352
0!
0(
#51798768
1!
1(
b110000110 2
#51809184
0!
0(
#51819600
1!
1(
b110000111 2
#51830016
0!
0(
#51840432
1!
1(
b110001000 2
#51850848
0!
0(
#51861264
1!
1(
b110001001 2
#51871680
0!
0(
#51882096
1!
1(
b110001010 2
#51892512
0!
0(
#51902928
1!
1(
b110001011 2
#51913344
0!
0(
#51923760
1!
1(
b110001100 2
#51934176
0!
0(
#51944592
1!
1(
b110001101 2
#51955008
0!
0(
#51965424
1!
1(
b110001110 2
#51975840
0!
0(
#51986256
1!
1(
b110001111 2
#51996672
0!
0(
#52007088
1!
1(
b110010000 2
#52017504
0!
0(
#52027920
1!
1(
b110010001 2
#52038336
0!
0(
#52048752
1!
1(
b110010010 2
#52059168
0!
0(
#52069584
1!
1(
b110010011 2
#52080000
0!
0(
#52090416
1!
1(
b110010100 2
#52100832
0!
0(
#52111248
1!
1(
b110010101 2
#52121664
0!
0(
#52132080
1!
1(
b110010110 2
#52142496
0!
0(
#52152912
1!
1(
b110010111 2
#52163328
0!
0(
#52173744
1!
1(
b110011000 2
#52184160
0!
0(
#52194576
1!
1(
b110011001 2
#52204992
0!
0(
#52215408
1!
1(
b110011010 2
#52225824
0!
0(
#52236240
1!
1(
b110011011 2
#52246656
0!
0(
#52257072
1!
1(
b110011100 2
#52267488
0!
0(
#52277904
1!
1(
b110011101 2
#52288320
0!
0(
#52298736
1!
1(
b110011110 2
#52309152
0!
0(
#52319568
1!
1(
b110011111 2
#52329984
0!
0(
#52340400
1!
1(
b110100000 2
#52350816
0!
0(
#52361232
1!
1(
b0 2
b101 3
#52371648
0!
0(
#52382064
1!
1(
b1 2
#52392480
0!
0(
#52402896
1!
1(
b10 2
#52413312
0!
0(
#52423728
1!
1(
b11 2
#52434144
0!
0(
#52444560
1!
1(
b100 2
#52454976
0!
0(
#52465392
1!
1(
b101 2
#52475808
0!
0(
#52486224
1!
1(
b110 2
#52496640
0!
0(
#52507056
1!
1(
b111 2
#52517472
0!
0(
#52527888
1!
1(
b1000 2
#52538304
0!
0(
#52548720
1!
1(
b1001 2
#52559136
0!
0(
#52569552
1!
1(
b1010 2
#52579968
0!
0(
#52590384
1!
1(
b1011 2
#52600800
0!
0(
#52611216
1!
1(
b1100 2
#52621632
0!
0(
#52632048
1!
1(
b1101 2
#52642464
0!
0(
#52652880
1!
1(
b1110 2
#52663296
0!
0(
#52673712
1!
1(
b1111 2
#52684128
0!
0(
#52694544
1!
1(
b10000 2
#52704960
0!
0(
#52715376
1!
1(
b10001 2
#52725792
0!
0(
#52736208
1!
1(
b10010 2
#52746624
0!
0(
#52757040
1!
1(
b10011 2
#52767456
0!
0(
#52777872
1!
1(
b10100 2
#52788288
0!
0(
#52798704
1!
1(
b10101 2
#52809120
0!
0(
#52819536
1!
1(
b10110 2
#52829952
0!
0(
#52840368
1!
1(
b10111 2
#52850784
0!
0(
#52861200
1!
1(
b11000 2
#52871616
0!
0(
#52882032
1!
1(
b11001 2
#52892448
0!
0(
#52902864
1!
1(
b11010 2
#52913280
0!
0(
#52923696
1!
1(
b11011 2
#52934112
0!
0(
#52944528
1!
1(
b11100 2
#52954944
0!
0(
#52965360
1!
1(
b11101 2
#52975776
0!
0(
#52986192
1!
1(
b11110 2
#52996608
0!
0(
#53007024
1!
1(
b11111 2
#53017440
0!
0(
#53027856
1!
1(
b100000 2
#53038272
0!
0(
#53048688
1!
1(
b100001 2
#53059104
0!
0(
#53069520
1!
1(
b100010 2
#53079936
0!
0(
#53090352
1!
1(
b100011 2
#53100768
0!
0(
#53111184
1!
1(
b100100 2
#53121600
0!
0(
#53132016
1!
1(
b100101 2
#53142432
0!
0(
#53152848
1!
1(
b100110 2
#53163264
0!
0(
#53173680
1!
1(
b100111 2
#53184096
0!
0(
#53194512
1!
1(
b101000 2
#53204928
0!
0(
#53215344
1!
1(
b101001 2
#53225760
0!
0(
#53236176
1!
1(
b101010 2
#53246592
0!
0(
#53257008
1!
1(
b101011 2
#53267424
0!
0(
#53277840
1!
1(
b101100 2
#53288256
0!
0(
#53298672
1!
1(
b101101 2
#53309088
0!
0(
#53319504
1!
1(
b101110 2
#53329920
0!
0(
#53340336
1!
1(
b101111 2
#53350752
0!
0(
#53361168
1!
1(
b110000 2
#53371584
0!
0(
#53382000
1!
1(
b110001 2
#53392416
0!
0(
#53402832
1!
1(
b110010 2
#53413248
0!
0(
#53423664
1!
1(
b110011 2
#53434080
0!
0(
#53444496
1!
1(
b110100 2
#53454912
0!
0(
#53465328
1!
1(
b110101 2
#53475744
0!
0(
#53486160
1!
1(
b110110 2
#53496576
0!
0(
#53506992
1!
1(
b110111 2
#53517408
0!
0(
#53527824
1!
1(
b111000 2
#53538240
0!
0(
#53548656
1!
1(
b111001 2
#53559072
0!
0(
#53569488
1!
1(
b111010 2
#53579904
0!
0(
#53590320
1!
1(
b111011 2
#53600736
0!
0(
#53611152
1!
1(
b111100 2
#53621568
0!
0(
#53631984
1!
1(
b111101 2
#53642400
0!
0(
#53652816
1!
1(
b111110 2
#53663232
0!
0(
#53673648
1!
1(
b111111 2
#53684064
0!
0(
#53694480
1!
1(
b1000000 2
#53704896
0!
0(
#53715312
1!
1(
b1000001 2
#53725728
0!
0(
#53736144
1!
1(
b1000010 2
#53746560
0!
0(
#53756976
1!
1(
b1000011 2
#53767392
0!
0(
#53777808
1!
1(
b1000100 2
#53788224
0!
0(
#53798640
1!
1(
b1000101 2
#53809056
0!
0(
#53819472
1!
1(
b1000110 2
#53829888
0!
0(
#53840304
1!
1(
b1000111 2
#53850720
0!
0(
#53861136
1!
1(
b1001000 2
#53871552
0!
0(
#53881968
1!
1(
b1001001 2
#53892384
0!
0(
#53902800
1!
1(
b1001010 2
#53913216
0!
0(
#53923632
1!
1(
b1001011 2
#53934048
0!
0(
#53944464
1!
1(
b1001100 2
#53954880
0!
0(
#53965296
1!
1(
b1001101 2
#53975712
0!
0(
#53986128
1!
1(
b1001110 2
#53996544
0!
0(
#54006960
1!
1(
b1001111 2
#54017376
0!
0(
#54027792
1!
1(
b1010000 2
#54038208
0!
0(
#54048624
1!
1(
b1010001 2
#54059040
0!
0(
#54069456
1!
1(
b1010010 2
#54079872
0!
0(
#54090288
1!
1(
b1010011 2
#54100704
0!
0(
#54111120
1!
1(
b1010100 2
#54121536
0!
0(
#54131952
1!
1(
b1010101 2
#54142368
0!
0(
#54152784
1!
1(
b1010110 2
#54163200
0!
0(
#54173616
1!
1(
b1010111 2
#54184032
0!
0(
#54194448
1!
1(
b1011000 2
#54204864
0!
0(
#54215280
1!
1(
b1011001 2
#54225696
0!
0(
#54236112
1!
1(
b1011010 2
#54246528
0!
0(
#54256944
1!
1(
b1011011 2
#54267360
0!
0(
#54277776
1!
1(
b1011100 2
#54288192
0!
0(
#54298608
1!
1(
b1011101 2
#54309024
0!
0(
#54319440
1!
1(
b1011110 2
#54329856
0!
0(
#54340272
1!
1(
b1011111 2
#54350688
0!
0(
#54361104
1!
1(
b1100000 2
#54371520
0!
0(
#54381936
1!
1(
b1100001 2
#54392352
0!
0(
#54402768
1!
1(
b1100010 2
#54413184
0!
0(
#54423600
1!
1(
b1100011 2
#54434016
0!
0(
#54444432
1!
1(
b1100100 2
#54454848
0!
0(
#54465264
1!
1(
b1100101 2
#54475680
0!
0(
#54486096
1!
1(
b1100110 2
#54496512
0!
0(
#54506928
1!
1(
b1100111 2
#54517344
0!
0(
#54527760
1!
1(
b1101000 2
#54538176
0!
0(
#54548592
1!
1(
b1101001 2
#54559008
0!
0(
#54569424
1!
1(
b1101010 2
#54579840
0!
0(
#54590256
1!
1(
b1101011 2
#54600672
0!
0(
#54611088
1!
1(
b1101100 2
#54621504
0!
0(
#54631920
1!
1(
b1101101 2
#54642336
0!
0(
#54652752
1!
1(
b1101110 2
#54663168
0!
0(
#54673584
1!
1(
b1101111 2
#54684000
0!
0(
#54694416
1!
1(
b1110000 2
#54704832
0!
0(
#54715248
1!
1(
b1110001 2
#54725664
0!
0(
#54736080
1!
1(
b1110010 2
#54746496
0!
0(
#54756912
1!
1(
b1110011 2
#54767328
0!
0(
#54777744
1!
1(
b1110100 2
#54788160
0!
0(
#54798576
1!
1(
b1110101 2
#54808992
0!
0(
#54819408
1!
1(
b1110110 2
#54829824
0!
0(
#54840240
1!
1(
b1110111 2
#54850656
0!
0(
#54861072
1!
1(
b1111000 2
#54871488
0!
0(
#54881904
1!
1(
b1111001 2
#54892320
0!
0(
#54902736
1!
1(
b1111010 2
#54913152
0!
0(
#54923568
1!
1(
b1111011 2
#54933984
0!
0(
#54944400
1!
1(
b1111100 2
#54954816
0!
0(
#54965232
1!
1(
b1111101 2
#54975648
0!
0(
#54986064
1!
1(
b1111110 2
#54996480
0!
0(
#55006896
1!
1(
b1111111 2
#55017312
0!
0(
#55027728
1!
1(
b10000000 2
#55038144
0!
0(
#55048560
1!
1(
b10000001 2
#55058976
0!
0(
#55069392
1!
1(
b10000010 2
#55079808
0!
0(
#55090224
1!
1(
b10000011 2
#55100640
0!
0(
#55111056
1!
1(
b10000100 2
#55121472
0!
0(
#55131888
1!
1(
b10000101 2
#55142304
0!
0(
#55152720
1!
1(
b10000110 2
#55163136
0!
0(
#55173552
1!
1(
b10000111 2
#55183968
0!
0(
#55194384
1!
1(
b10001000 2
#55204800
0!
0(
#55215216
1!
1(
b10001001 2
#55225632
0!
0(
#55236048
1!
1(
b10001010 2
#55246464
0!
0(
#55256880
1!
1(
b10001011 2
#55267296
0!
0(
#55277712
1!
1(
b10001100 2
#55288128
0!
0(
#55298544
1!
1(
b10001101 2
#55308960
0!
0(
#55319376
1!
1(
b10001110 2
#55329792
0!
0(
#55340208
1!
1(
b10001111 2
#55350624
0!
0(
#55361040
1!
1(
b10010000 2
#55371456
0!
0(
#55381872
1!
1(
b10010001 2
#55392288
0!
0(
#55402704
1!
1(
b10010010 2
#55413120
0!
0(
#55423536
1!
1(
b10010011 2
#55433952
0!
0(
#55444368
1!
1(
b10010100 2
#55454784
0!
0(
#55465200
1!
1(
b10010101 2
#55475616
0!
0(
#55486032
1!
1(
b10010110 2
#55496448
0!
0(
#55506864
1!
1(
b10010111 2
#55517280
0!
0(
#55527696
1!
1(
b10011000 2
#55538112
0!
0(
#55548528
1!
1(
b10011001 2
#55558944
0!
0(
#55569360
1!
1(
b10011010 2
#55579776
0!
0(
#55590192
1!
1(
b10011011 2
#55600608
0!
0(
#55611024
1!
1(
b10011100 2
#55621440
0!
0(
#55631856
1!
1(
b10011101 2
#55642272
0!
0(
#55652688
1!
1(
b10011110 2
#55663104
0!
0(
#55673520
1!
1(
b10011111 2
#55683936
0!
0(
#55694352
1!
1(
b10100000 2
#55704768
0!
0(
#55715184
1!
1(
b10100001 2
#55725600
0!
0(
#55736016
1!
1(
b10100010 2
#55746432
0!
0(
#55756848
1!
1(
b10100011 2
#55767264
0!
0(
#55777680
1!
1(
b10100100 2
#55788096
0!
0(
#55798512
1!
1(
b10100101 2
#55808928
0!
0(
#55819344
1!
1(
b10100110 2
#55829760
0!
0(
#55840176
1!
1(
b10100111 2
#55850592
0!
0(
#55861008
1!
1(
b10101000 2
#55871424
0!
0(
#55881840
1!
1(
b10101001 2
#55892256
0!
0(
#55902672
1!
1(
b10101010 2
#55913088
0!
0(
#55923504
1!
1(
b10101011 2
#55933920
0!
0(
#55944336
1!
1(
b10101100 2
#55954752
0!
0(
#55965168
1!
1(
b10101101 2
#55975584
0!
0(
#55986000
1!
1(
b10101110 2
#55996416
0!
0(
#56006832
1!
1(
b10101111 2
#56017248
0!
0(
#56027664
1!
1(
b10110000 2
#56038080
0!
0(
#56048496
1!
1(
b10110001 2
#56058912
0!
0(
#56069328
1!
1(
b10110010 2
#56079744
0!
0(
#56090160
1!
1(
b10110011 2
#56100576
0!
0(
#56110992
1!
1(
b10110100 2
#56121408
0!
0(
#56131824
1!
1(
b10110101 2
#56142240
0!
0(
#56152656
1!
1(
b10110110 2
#56163072
0!
0(
#56173488
1!
1(
b10110111 2
#56183904
0!
0(
#56194320
1!
1(
b10111000 2
#56204736
0!
0(
#56215152
1!
1(
b10111001 2
#56225568
0!
0(
#56235984
1!
1(
b10111010 2
#56246400
0!
0(
#56256816
1!
1(
b10111011 2
#56267232
0!
0(
#56277648
1!
1(
b10111100 2
#56288064
0!
0(
#56298480
1!
1(
b10111101 2
#56308896
0!
0(
#56319312
1!
1(
b10111110 2
#56329728
0!
0(
#56340144
1!
1(
b10111111 2
#56350560
0!
0(
#56360976
1!
1(
b11000000 2
#56371392
0!
0(
#56381808
1!
1(
b11000001 2
#56392224
0!
0(
#56402640
1!
1(
b11000010 2
#56413056
0!
0(
#56423472
1!
1(
b11000011 2
#56433888
0!
0(
#56444304
1!
1(
b11000100 2
#56454720
0!
0(
#56465136
1!
1(
b11000101 2
#56475552
0!
0(
#56485968
1!
1(
b11000110 2
#56496384
0!
0(
#56506800
1!
1(
b11000111 2
#56517216
0!
0(
#56527632
1!
1(
b11001000 2
#56538048
0!
0(
#56548464
1!
1(
b11001001 2
#56558880
0!
0(
#56569296
1!
1(
b11001010 2
#56579712
0!
0(
#56590128
1!
1(
b11001011 2
#56600544
0!
0(
#56610960
1!
1(
b11001100 2
#56621376
0!
0(
#56631792
1!
1(
b11001101 2
#56642208
0!
0(
#56652624
1!
1(
b11001110 2
#56663040
0!
0(
#56673456
1!
1(
b11001111 2
#56683872
0!
0(
#56694288
1!
1(
b11010000 2
#56704704
0!
0(
#56715120
1!
1(
b11010001 2
#56725536
0!
0(
#56735952
1!
1(
b11010010 2
#56746368
0!
0(
#56756784
1!
1(
b11010011 2
#56767200
0!
0(
#56777616
1!
1(
b11010100 2
#56788032
0!
0(
#56798448
1!
1(
b11010101 2
#56808864
0!
0(
#56819280
1!
1(
b11010110 2
#56829696
0!
0(
#56840112
1!
1(
b11010111 2
#56850528
0!
0(
#56860944
1!
1(
b11011000 2
#56871360
0!
0(
#56881776
1!
1(
b11011001 2
#56892192
0!
0(
#56902608
1!
1(
b11011010 2
#56913024
0!
0(
#56923440
1!
1(
b11011011 2
#56933856
0!
0(
#56944272
1!
1(
b11011100 2
#56954688
0!
0(
#56965104
1!
1(
b11011101 2
#56975520
0!
0(
#56985936
1!
1(
b11011110 2
#56996352
0!
0(
#57006768
1!
1(
b11011111 2
#57017184
0!
0(
#57027600
1!
1(
b11100000 2
#57038016
0!
0(
#57048432
1!
1(
b11100001 2
#57058848
0!
0(
#57069264
1!
1(
b11100010 2
#57079680
0!
0(
#57090096
1!
1(
b11100011 2
#57100512
0!
0(
#57110928
1!
1(
b11100100 2
#57121344
0!
0(
#57131760
1!
1(
b11100101 2
#57142176
0!
0(
#57152592
1!
1(
b11100110 2
#57163008
0!
0(
#57173424
1!
1(
b11100111 2
#57183840
0!
0(
#57194256
1!
1(
b11101000 2
#57204672
0!
0(
#57215088
1!
1(
b11101001 2
#57225504
0!
0(
#57235920
1!
1(
b11101010 2
#57246336
0!
0(
#57256752
1!
1(
b11101011 2
#57267168
0!
0(
#57277584
1!
1(
b11101100 2
#57288000
0!
0(
#57298416
1!
1(
b11101101 2
#57308832
0!
0(
#57319248
1!
1(
b11101110 2
#57329664
0!
0(
#57340080
1!
1(
b11101111 2
#57350496
0!
0(
#57360912
1!
1(
b11110000 2
#57371328
0!
0(
#57381744
1!
1(
b11110001 2
#57392160
0!
0(
#57402576
1!
1(
b11110010 2
#57412992
0!
0(
#57423408
1!
1(
b11110011 2
#57433824
0!
0(
#57444240
1!
1(
b11110100 2
#57454656
0!
0(
#57465072
1!
1(
b11110101 2
#57475488
0!
0(
#57485904
1!
1(
b11110110 2
#57496320
0!
0(
#57506736
1!
1(
b11110111 2
#57517152
0!
0(
#57527568
1!
1(
b11111000 2
#57537984
0!
0(
#57548400
1!
1(
b11111001 2
#57558816
0!
0(
#57569232
1!
1(
b11111010 2
#57579648
0!
0(
#57590064
1!
1(
b11111011 2
#57600480
0!
0(
#57610896
1!
1(
b11111100 2
#57621312
0!
0(
#57631728
1!
1(
b11111101 2
#57642144
0!
0(
#57652560
1!
1(
b11111110 2
#57662976
0!
0(
#57673392
1!
1(
b11111111 2
#57683808
0!
0(
#57694224
1!
1(
b100000000 2
#57704640
0!
0(
#57715056
1!
1(
b100000001 2
#57725472
0!
0(
#57735888
1!
1(
b100000010 2
#57746304
0!
0(
#57756720
1!
1(
b100000011 2
#57767136
0!
0(
#57777552
1!
1(
b100000100 2
#57787968
0!
0(
#57798384
1!
1(
b100000101 2
#57808800
0!
0(
#57819216
1!
1(
b100000110 2
#57829632
0!
0(
#57840048
1!
1(
b100000111 2
#57850464
0!
0(
#57860880
1!
1(
b100001000 2
#57871296
0!
0(
#57881712
1!
1(
b100001001 2
#57892128
0!
0(
#57902544
1!
1(
b100001010 2
#57912960
0!
0(
#57923376
1!
1(
b100001011 2
#57933792
0!
0(
#57944208
1!
1(
b100001100 2
#57954624
0!
0(
#57965040
1!
1(
b100001101 2
#57975456
0!
0(
#57985872
1!
1(
b100001110 2
#57996288
0!
0(
#58006704
1!
1(
b100001111 2
#58017120
0!
0(
#58027536
1!
1(
b100010000 2
#58037952
0!
0(
#58048368
1!
1(
b100010001 2
#58058784
0!
0(
#58069200
1!
1(
b100010010 2
#58079616
0!
0(
#58090032
1!
1(
b100010011 2
#58100448
0!
0(
#58110864
1!
1(
b100010100 2
#58121280
0!
0(
#58131696
1!
1(
b100010101 2
#58142112
0!
0(
#58152528
1!
1(
b100010110 2
#58162944
0!
0(
#58173360
1!
1(
b100010111 2
#58183776
0!
0(
#58194192
1!
1(
b100011000 2
#58204608
0!
0(
#58215024
1!
1(
b100011001 2
#58225440
0!
0(
#58235856
1!
1(
b100011010 2
#58246272
0!
0(
#58256688
1!
1(
b100011011 2
#58267104
0!
0(
#58277520
1!
1(
b100011100 2
#58287936
0!
0(
#58298352
1!
1(
b100011101 2
#58308768
0!
0(
#58319184
1!
1(
b100011110 2
#58329600
0!
0(
#58340016
1!
1(
b100011111 2
#58350432
0!
0(
#58360848
1!
1(
b100100000 2
#58371264
0!
0(
#58381680
1!
1(
b100100001 2
#58392096
0!
0(
#58402512
1!
1(
b100100010 2
#58412928
0!
0(
#58423344
1!
1(
b100100011 2
#58433760
0!
0(
#58444176
1!
1(
b100100100 2
#58454592
0!
0(
#58465008
1!
1(
b100100101 2
#58475424
0!
0(
#58485840
1!
1(
b100100110 2
#58496256
0!
0(
#58506672
1!
1(
b100100111 2
#58517088
0!
0(
#58527504
1!
1(
b100101000 2
#58537920
0!
0(
#58548336
1!
1(
b100101001 2
#58558752
0!
0(
#58569168
1!
1(
b100101010 2
#58579584
0!
0(
#58590000
1!
1(
b100101011 2
#58600416
0!
0(
#58610832
1!
1(
b100101100 2
#58621248
0!
0(
#58631664
1!
1(
b100101101 2
#58642080
0!
0(
#58652496
1!
1(
b100101110 2
#58662912
0!
0(
#58673328
1!
1(
b100101111 2
#58683744
0!
0(
#58694160
1!
1(
b100110000 2
#58704576
0!
0(
#58714992
1!
1(
b100110001 2
#58725408
0!
0(
#58735824
1!
1(
b100110010 2
#58746240
0!
0(
#58756656
1!
1(
b100110011 2
#58767072
0!
0(
#58777488
1!
1(
b100110100 2
#58787904
0!
0(
#58798320
1!
1(
b100110101 2
#58808736
0!
0(
#58819152
1!
1(
b100110110 2
#58829568
0!
0(
#58839984
1!
1(
b100110111 2
#58850400
0!
0(
#58860816
1!
1(
b100111000 2
#58871232
0!
0(
#58881648
1!
1(
b100111001 2
#58892064
0!
0(
#58902480
1!
1(
b100111010 2
#58912896
0!
0(
#58923312
1!
1(
b100111011 2
#58933728
0!
0(
#58944144
1!
1(
b100111100 2
#58954560
0!
0(
#58964976
1!
1(
b100111101 2
#58975392
0!
0(
#58985808
1!
1(
b100111110 2
#58996224
0!
0(
#59006640
1!
1(
b100111111 2
#59017056
0!
0(
#59027472
1!
1(
b101000000 2
#59037888
0!
0(
#59048304
1!
1(
b101000001 2
#59058720
0!
0(
#59069136
1!
1(
b101000010 2
#59079552
0!
0(
#59089968
1!
1(
b101000011 2
#59100384
0!
0(
#59110800
1!
1(
b101000100 2
#59121216
0!
0(
#59131632
1!
1(
b101000101 2
#59142048
0!
0(
#59152464
1!
1(
b101000110 2
#59162880
0!
0(
#59173296
1!
1(
b101000111 2
#59183712
0!
0(
#59194128
1!
1(
b101001000 2
#59204544
0!
0(
#59214960
1!
1(
b101001001 2
#59225376
0!
0(
#59235792
1!
1(
b101001010 2
#59246208
0!
0(
#59256624
1!
1(
b101001011 2
#59267040
0!
0(
#59277456
1!
1(
b101001100 2
#59287872
0!
0(
#59298288
1!
1(
b101001101 2
#59308704
0!
0(
#59319120
1!
1(
b101001110 2
#59329536
0!
0(
#59339952
1!
1(
b101001111 2
#59350368
0!
0(
#59360784
1!
1(
b101010000 2
#59371200
0!
0(
#59381616
1!
1(
b101010001 2
#59392032
0!
0(
#59402448
1!
1(
b101010010 2
#59412864
0!
0(
#59423280
1!
1(
b101010011 2
#59433696
0!
0(
#59444112
1!
1(
b101010100 2
#59454528
0!
0(
#59464944
1!
1(
b101010101 2
#59475360
0!
0(
#59485776
1!
1(
b101010110 2
#59496192
0!
0(
#59506608
1!
1(
b101010111 2
#59517024
0!
0(
#59527440
1!
1(
b101011000 2
#59537856
0!
0(
#59548272
1!
1(
b101011001 2
#59558688
0!
0(
#59569104
1!
1(
b101011010 2
#59579520
0!
0(
#59589936
1!
1(
b101011011 2
#59600352
0!
0(
#59610768
1!
1(
b101011100 2
#59621184
0!
0(
#59631600
1!
1(
b101011101 2
#59642016
0!
0(
#59652432
1!
1(
b101011110 2
#59662848
0!
0(
#59673264
1!
1(
b101011111 2
#59683680
0!
0(
#59694096
1!
1(
b101100000 2
#59704512
0!
0(
#59714928
1!
1(
b101100001 2
#59725344
0!
0(
#59735760
1!
1(
b101100010 2
#59746176
0!
0(
#59756592
1!
1(
b101100011 2
#59767008
0!
0(
#59777424
1!
1(
b101100100 2
#59787840
0!
0(
#59798256
1!
1(
b101100101 2
#59808672
0!
0(
#59819088
1!
1(
b101100110 2
#59829504
0!
0(
#59839920
1!
1(
b101100111 2
#59850336
0!
0(
#59860752
1!
1(
b101101000 2
#59871168
0!
0(
#59881584
1!
1(
b101101001 2
#59892000
0!
0(
#59902416
1!
1(
b101101010 2
#59912832
0!
0(
#59923248
1!
1(
b101101011 2
#59933664
0!
0(
#59944080
1!
1(
b101101100 2
#59954496
0!
0(
#59964912
1!
1(
b101101101 2
#59975328
0!
0(
#59985744
1!
1(
b101101110 2
#59996160
0!
0(
#60006576
1!
1(
b101101111 2
#60016992
0!
0(
#60027408
1!
1(
b101110000 2
#60037824
0!
0(
#60048240
1!
1(
b101110001 2
#60058656
0!
0(
#60069072
1!
1(
b101110010 2
#60079488
0!
0(
#60089904
1!
1(
b101110011 2
#60100320
0!
0(
#60110736
1!
1(
b101110100 2
#60121152
0!
0(
#60131568
1!
1(
b101110101 2
#60141984
0!
0(
#60152400
1!
1(
b101110110 2
#60162816
0!
0(
#60173232
1!
1(
b101110111 2
#60183648
0!
0(
#60194064
1!
1(
b101111000 2
#60204480
0!
0(
#60214896
1!
1(
b101111001 2
#60225312
0!
0(
#60235728
1!
1(
b101111010 2
#60246144
0!
0(
#60256560
1!
1(
b101111011 2
#60266976
0!
0(
#60277392
1!
1(
b101111100 2
#60287808
0!
0(
#60298224
1!
1(
b101111101 2
#60308640
0!
0(
#60319056
1!
1(
b101111110 2
#60329472
0!
0(
#60339888
1!
1(
b101111111 2
#60350304
0!
0(
#60360720
1!
1(
b110000000 2
#60371136
0!
0(
#60381552
1!
1(
b110000001 2
#60391968
0!
0(
#60402384
1!
1(
b110000010 2
#60412800
0!
0(
#60423216
1!
1(
b110000011 2
#60433632
0!
0(
#60444048
1!
1(
b110000100 2
#60454464
0!
0(
#60464880
1!
1(
b110000101 2
#60475296
0!
0(
#60485712
1!
1(
b110000110 2
#60496128
0!
0(
#60506544
1!
1(
b110000111 2
#60516960
0!
0(
#60527376
1!
1(
b110001000 2
#60537792
0!
0(
#60548208
1!
1(
b110001001 2
#60558624
0!
0(
#60569040
1!
1(
b110001010 2
#60579456
0!
0(
#60589872
1!
1(
b110001011 2
#60600288
0!
0(
#60610704
1!
1(
b110001100 2
#60621120
0!
0(
#60631536
1!
1(
b110001101 2
#60641952
0!
0(
#60652368
1!
1(
b110001110 2
#60662784
0!
0(
#60673200
1!
1(
b110001111 2
#60683616
0!
0(
#60694032
1!
1(
b110010000 2
#60704448
0!
0(
#60714864
1!
1(
b110010001 2
#60725280
0!
0(
#60735696
1!
1(
b110010010 2
#60746112
0!
0(
#60756528
1!
1(
b110010011 2
#60766944
0!
0(
#60777360
1!
1(
b110010100 2
#60787776
0!
0(
#60798192
1!
1(
b110010101 2
#60808608
0!
0(
#60819024
1!
1(
b110010110 2
#60829440
0!
0(
#60839856
1!
1(
b110010111 2
#60850272
0!
0(
#60860688
1!
1(
b110011000 2
#60871104
0!
0(
#60881520
1!
1(
b110011001 2
#60891936
0!
0(
#60902352
1!
1(
b110011010 2
#60912768
0!
0(
#60923184
1!
1(
b110011011 2
#60933600
0!
0(
#60944016
1!
1(
b110011100 2
#60954432
0!
0(
#60964848
1!
1(
b110011101 2
#60975264
0!
0(
#60985680
1!
1(
b110011110 2
#60996096
0!
0(
#61006512
1!
1(
b110011111 2
#61016928
0!
0(
#61027344
1!
1(
b110100000 2
#61037760
0!
0(
#61048176
1!
1(
b0 2
b110 3
#61058592
0!
0(
#61069008
1!
1(
15
b1 2
1%
#61079424
0!
0(
#61089840
1!
1(
b10 2
#61100256
0!
0(
#61110672
1!
1(
b11 2
#61121088
0!
0(
#61131504
1!
1(
b100 2
#61141920
0!
0(
#61152336
1!
1(
b101 2
#61162752
0!
0(
#61173168
1!
1(
b110 2
#61183584
0!
0(
#61194000
1!
1(
b111 2
#61204416
0!
0(
#61214832
1!
1(
b1000 2
#61225248
0!
0(
#61235664
1!
1(
b1001 2
#61246080
0!
0(
#61256496
1!
1(
b1010 2
#61266912
0!
0(
#61277328
1!
1(
b1011 2
#61287744
0!
0(
#61298160
1!
1(
b1100 2
#61308576
0!
0(
#61318992
1!
1(
b1101 2
#61329408
0!
0(
#61339824
1!
1(
b1110 2
#61350240
0!
0(
#61360656
1!
1(
b1111 2
#61371072
0!
0(
#61381488
1!
1(
b10000 2
#61391904
0!
0(
#61402320
1!
1(
b10001 2
#61412736
0!
0(
#61423152
1!
1(
b10010 2
#61433568
0!
0(
#61443984
1!
1(
b10011 2
#61454400
0!
0(
#61464816
1!
1(
b10100 2
#61475232
0!
0(
#61485648
1!
1(
b10101 2
#61496064
0!
0(
#61506480
1!
1(
b10110 2
#61516896
0!
0(
#61527312
1!
1(
b10111 2
#61537728
0!
0(
#61548144
1!
1(
b11000 2
#61558560
0!
0(
#61568976
1!
1(
b11001 2
#61579392
0!
0(
#61589808
1!
1(
b11010 2
#61600224
0!
0(
#61610640
1!
1(
b11011 2
#61621056
0!
0(
#61631472
1!
1(
b11100 2
#61641888
0!
0(
#61652304
1!
1(
b11101 2
#61662720
0!
0(
#61673136
1!
1(
b11110 2
#61683552
0!
0(
#61693968
1!
1(
b11111 2
#61704384
0!
0(
#61714800
1!
1(
b100000 2
#61725216
0!
0(
#61735632
1!
1(
b100001 2
#61746048
0!
0(
#61756464
1!
1(
b100010 2
#61766880
0!
0(
#61777296
1!
1(
b100011 2
#61787712
0!
0(
#61798128
1!
1(
b100100 2
#61808544
0!
0(
#61818960
1!
1(
b100101 2
#61829376
0!
0(
#61839792
1!
1(
b100110 2
#61850208
0!
0(
#61860624
1!
1(
b100111 2
#61871040
0!
0(
#61881456
1!
1(
b101000 2
#61891872
0!
0(
#61902288
1!
1(
b101001 2
#61912704
0!
0(
#61923120
1!
1(
b101010 2
#61933536
0!
0(
#61943952
1!
1(
b101011 2
#61954368
0!
0(
#61964784
1!
1(
b101100 2
#61975200
0!
0(
#61985616
1!
1(
b101101 2
#61996032
0!
0(
#62006448
1!
1(
b101110 2
#62016864
0!
0(
#62027280
1!
1(
b101111 2
#62037696
0!
0(
#62048112
1!
1(
b110000 2
#62058528
0!
0(
#62068944
1!
1(
b110001 2
#62079360
0!
0(
#62089776
1!
1(
b110010 2
#62100192
0!
0(
#62110608
1!
1(
b110011 2
#62121024
0!
0(
#62131440
1!
1(
b110100 2
#62141856
0!
0(
#62152272
1!
1(
b110101 2
#62162688
0!
0(
#62173104
1!
1(
b110110 2
#62183520
0!
0(
#62193936
1!
1(
b110111 2
#62204352
0!
0(
#62214768
1!
1(
b111000 2
#62225184
0!
0(
#62235600
1!
1(
b111001 2
#62246016
0!
0(
#62256432
1!
1(
b111010 2
#62266848
0!
0(
#62277264
1!
1(
b111011 2
#62287680
0!
0(
#62298096
1!
1(
b111100 2
#62308512
0!
0(
#62318928
1!
1(
b111101 2
#62329344
0!
0(
#62339760
1!
1(
b111110 2
#62350176
0!
0(
#62360592
1!
1(
b111111 2
#62371008
0!
0(
#62381424
1!
1(
b1000000 2
#62391840
0!
0(
#62402256
1!
1(
b1000001 2
#62412672
0!
0(
#62423088
1!
1(
b1000010 2
#62433504
0!
0(
#62443920
1!
1(
b1000011 2
#62454336
0!
0(
#62464752
1!
1(
b1000100 2
#62475168
0!
0(
#62485584
1!
1(
b1000101 2
#62496000
0!
0(
#62506416
1!
1(
b1000110 2
#62516832
0!
0(
#62527248
1!
1(
b1000111 2
#62537664
0!
0(
#62548080
1!
1(
b1001000 2
#62558496
0!
0(
#62568912
1!
1(
b1001001 2
#62579328
0!
0(
#62589744
1!
1(
b1001010 2
#62600160
0!
0(
#62610576
1!
1(
b1001011 2
#62620992
0!
0(
#62631408
1!
1(
b1001100 2
#62641824
0!
0(
#62652240
1!
1(
b1001101 2
#62662656
0!
0(
#62673072
1!
1(
b1001110 2
#62683488
0!
0(
#62693904
1!
1(
b1001111 2
#62704320
0!
0(
#62714736
1!
1(
b1010000 2
#62725152
0!
0(
#62735568
1!
1(
b1010001 2
#62745984
0!
0(
#62756400
1!
1(
b1010010 2
#62766816
0!
0(
#62777232
1!
1(
b1010011 2
#62787648
0!
0(
#62798064
1!
1(
b1010100 2
#62808480
0!
0(
#62818896
1!
1(
b1010101 2
#62829312
0!
0(
#62839728
1!
1(
b1010110 2
#62850144
0!
0(
#62860560
1!
1(
b1010111 2
#62870976
0!
0(
#62881392
1!
1(
b1011000 2
#62891808
0!
0(
#62902224
1!
1(
b1011001 2
#62912640
0!
0(
#62923056
1!
1(
b1011010 2
#62933472
0!
0(
#62943888
1!
1(
b1011011 2
#62954304
0!
0(
#62964720
1!
1(
b1011100 2
#62975136
0!
0(
#62985552
1!
1(
b1011101 2
#62995968
0!
0(
#63006384
1!
1(
b1011110 2
#63016800
0!
0(
#63027216
1!
1(
b1011111 2
#63037632
0!
0(
#63048048
1!
1(
b1100000 2
#63058464
0!
0(
#63068880
1!
1(
b1100001 2
#63079296
0!
0(
#63089712
1!
1(
b1100010 2
#63100128
0!
0(
#63110544
1!
1(
b1100011 2
#63120960
0!
0(
#63131376
1!
1(
b1100100 2
#63141792
0!
0(
#63152208
1!
1(
b1100101 2
#63162624
0!
0(
#63173040
1!
1(
b1100110 2
#63183456
0!
0(
#63193872
1!
1(
b1100111 2
#63204288
0!
0(
#63214704
1!
1(
b1101000 2
#63225120
0!
0(
#63235536
1!
1(
b1101001 2
#63245952
0!
0(
#63256368
1!
1(
b1101010 2
#63266784
0!
0(
#63277200
1!
1(
b1101011 2
#63287616
0!
0(
#63298032
1!
1(
b1101100 2
#63308448
0!
0(
#63318864
1!
1(
b1101101 2
#63329280
0!
0(
#63339696
1!
1(
b1101110 2
#63350112
0!
0(
#63360528
1!
1(
b1101111 2
#63370944
0!
0(
#63381360
1!
1(
b1110000 2
#63391776
0!
0(
#63402192
1!
1(
b1110001 2
#63412608
0!
0(
#63423024
1!
1(
b1110010 2
#63433440
0!
0(
#63443856
1!
1(
b1110011 2
#63454272
0!
0(
#63464688
1!
1(
b1110100 2
#63475104
0!
0(
#63485520
1!
1(
b1110101 2
#63495936
0!
0(
#63506352
1!
1(
b1110110 2
#63516768
0!
0(
#63527184
1!
1(
b1110111 2
#63537600
0!
0(
#63548016
1!
1(
b1111000 2
#63558432
0!
0(
#63568848
1!
1(
b1111001 2
#63579264
0!
0(
#63589680
1!
1(
b1111010 2
#63600096
0!
0(
#63610512
1!
1(
b1111011 2
#63620928
0!
0(
#63631344
1!
1(
b1111100 2
#63641760
0!
0(
#63652176
1!
1(
b1111101 2
#63662592
0!
0(
#63673008
1!
1(
b1111110 2
#63683424
0!
0(
#63693840
1!
1(
b1111111 2
#63704256
0!
0(
#63714672
1!
1(
b10000000 2
#63725088
0!
0(
#63735504
1!
1(
b10000001 2
#63745920
0!
0(
#63756336
1!
1(
b10000010 2
#63766752
0!
0(
#63777168
1!
1(
b10000011 2
#63787584
0!
0(
#63798000
1!
1(
b10000100 2
#63808416
0!
0(
#63818832
1!
1(
b10000101 2
#63829248
0!
0(
#63839664
1!
1(
b10000110 2
#63850080
0!
0(
#63860496
1!
1(
b10000111 2
#63870912
0!
0(
#63881328
1!
1(
b10001000 2
#63891744
0!
0(
#63902160
1!
1(
b10001001 2
#63912576
0!
0(
#63922992
1!
1(
b10001010 2
#63933408
0!
0(
#63943824
1!
1(
b10001011 2
#63954240
0!
0(
#63964656
1!
1(
b10001100 2
#63975072
0!
0(
#63985488
1!
1(
b10001101 2
#63995904
0!
0(
#64006320
1!
1(
b10001110 2
#64016736
0!
0(
#64027152
1!
1(
b10001111 2
#64037568
0!
0(
#64047984
1!
1(
b10010000 2
#64058400
0!
0(
#64068816
1!
1(
b10010001 2
#64079232
0!
0(
#64089648
1!
1(
b10010010 2
#64100064
0!
0(
#64110480
1!
1(
b10010011 2
#64120896
0!
0(
#64131312
1!
1(
b10010100 2
#64141728
0!
0(
#64152144
1!
1(
b10010101 2
#64162560
0!
0(
#64172976
1!
1(
b10010110 2
#64183392
0!
0(
#64193808
1!
1(
b10010111 2
#64204224
0!
0(
#64214640
1!
1(
b10011000 2
#64225056
0!
0(
#64235472
1!
1(
b10011001 2
#64245888
0!
0(
#64256304
1!
1(
b10011010 2
#64266720
0!
0(
#64277136
1!
1(
b10011011 2
#64287552
0!
0(
#64297968
1!
1(
b10011100 2
#64308384
0!
0(
#64318800
1!
1(
b10011101 2
#64329216
0!
0(
#64339632
1!
1(
b10011110 2
#64350048
0!
0(
#64360464
1!
1(
b10011111 2
#64370880
0!
0(
#64381296
1!
1(
b10100000 2
#64391712
0!
0(
#64402128
1!
1(
b10100001 2
#64412544
0!
0(
#64422960
1!
1(
b10100010 2
#64433376
0!
0(
#64443792
1!
1(
b10100011 2
#64454208
0!
0(
#64464624
1!
1(
b10100100 2
#64475040
0!
0(
#64485456
1!
1(
b10100101 2
#64495872
0!
0(
#64506288
1!
1(
b10100110 2
#64516704
0!
0(
#64527120
1!
1(
b10100111 2
#64537536
0!
0(
#64547952
1!
1(
b10101000 2
#64558368
0!
0(
#64568784
1!
1(
b10101001 2
#64579200
0!
0(
#64589616
1!
1(
b10101010 2
#64600032
0!
0(
#64610448
1!
1(
b10101011 2
#64620864
0!
0(
#64631280
1!
1(
b10101100 2
#64641696
0!
0(
#64652112
1!
1(
b10101101 2
#64662528
0!
0(
#64672944
1!
1(
b10101110 2
#64683360
0!
0(
#64693776
1!
1(
b10101111 2
#64704192
0!
0(
#64714608
1!
1(
b10110000 2
#64725024
0!
0(
#64735440
1!
1(
b10110001 2
#64745856
0!
0(
#64756272
1!
1(
b10110010 2
#64766688
0!
0(
#64777104
1!
1(
b10110011 2
#64787520
0!
0(
#64797936
1!
1(
b10110100 2
#64808352
0!
0(
#64818768
1!
1(
b10110101 2
#64829184
0!
0(
#64839600
1!
1(
b10110110 2
#64850016
0!
0(
#64860432
1!
1(
b10110111 2
#64870848
0!
0(
#64881264
1!
1(
b10111000 2
#64891680
0!
0(
#64902096
1!
1(
b10111001 2
#64912512
0!
0(
#64922928
1!
1(
b10111010 2
#64933344
0!
0(
#64943760
1!
1(
b10111011 2
#64954176
0!
0(
#64964592
1!
1(
b10111100 2
#64975008
0!
0(
#64985424
1!
1(
b10111101 2
#64995840
0!
0(
#65006256
1!
1(
b10111110 2
#65016672
0!
0(
#65027088
1!
1(
b10111111 2
#65037504
0!
0(
#65047920
1!
1(
b11000000 2
#65058336
0!
0(
#65068752
1!
1(
b11000001 2
#65079168
0!
0(
#65089584
1!
1(
b11000010 2
#65100000
0!
0(
#65110416
1!
1(
b11000011 2
#65120832
0!
0(
#65131248
1!
1(
b11000100 2
#65141664
0!
0(
#65152080
1!
1(
b11000101 2
#65162496
0!
0(
#65172912
1!
1(
b11000110 2
#65183328
0!
0(
#65193744
1!
1(
b11000111 2
#65204160
0!
0(
#65214576
1!
1(
b11001000 2
#65224992
0!
0(
#65235408
1!
1(
b11001001 2
#65245824
0!
0(
#65256240
1!
1(
b11001010 2
#65266656
0!
0(
#65277072
1!
1(
b11001011 2
#65287488
0!
0(
#65297904
1!
1(
b11001100 2
#65308320
0!
0(
#65318736
1!
1(
b11001101 2
#65329152
0!
0(
#65339568
1!
1(
b11001110 2
#65349984
0!
0(
#65360400
1!
1(
b11001111 2
#65370816
0!
0(
#65381232
1!
1(
b11010000 2
#65391648
0!
0(
#65402064
1!
1(
b11010001 2
#65412480
0!
0(
#65422896
1!
1(
b11010010 2
#65433312
0!
0(
#65443728
1!
1(
b11010011 2
#65454144
0!
0(
#65464560
1!
1(
b11010100 2
#65474976
0!
0(
#65485392
1!
1(
b11010101 2
#65495808
0!
0(
#65506224
1!
1(
b11010110 2
#65516640
0!
0(
#65527056
1!
1(
b11010111 2
#65537472
0!
0(
#65547888
1!
1(
b11011000 2
#65558304
0!
0(
#65568720
1!
1(
b11011001 2
#65579136
0!
0(
#65589552
1!
1(
b11011010 2
#65599968
0!
0(
#65610384
1!
1(
b11011011 2
#65620800
0!
0(
#65631216
1!
1(
b11011100 2
#65641632
0!
0(
#65652048
1!
1(
b11011101 2
#65662464
0!
0(
#65672880
1!
1(
b11011110 2
#65683296
0!
0(
#65693712
1!
1(
b11011111 2
#65704128
0!
0(
#65714544
1!
1(
b11100000 2
#65724960
0!
0(
#65735376
1!
1(
b11100001 2
#65745792
0!
0(
#65756208
1!
1(
b11100010 2
#65766624
0!
0(
#65777040
1!
1(
b11100011 2
#65787456
0!
0(
#65797872
1!
1(
b11100100 2
#65808288
0!
0(
#65818704
1!
1(
b11100101 2
#65829120
0!
0(
#65839536
1!
1(
b11100110 2
#65849952
0!
0(
#65860368
1!
1(
b11100111 2
#65870784
0!
0(
#65881200
1!
1(
b11101000 2
#65891616
0!
0(
#65902032
1!
1(
b11101001 2
#65912448
0!
0(
#65922864
1!
1(
b11101010 2
#65933280
0!
0(
#65943696
1!
1(
b11101011 2
#65954112
0!
0(
#65964528
1!
1(
b11101100 2
#65974944
0!
0(
#65985360
1!
1(
b11101101 2
#65995776
0!
0(
#66006192
1!
1(
b11101110 2
#66016608
0!
0(
#66027024
1!
1(
b11101111 2
#66037440
0!
0(
#66047856
1!
1(
b11110000 2
#66058272
0!
0(
#66068688
1!
1(
b11110001 2
#66079104
0!
0(
#66089520
1!
1(
b11110010 2
#66099936
0!
0(
#66110352
1!
1(
b11110011 2
#66120768
0!
0(
#66131184
1!
1(
b11110100 2
#66141600
0!
0(
#66152016
1!
1(
b11110101 2
#66162432
0!
0(
#66172848
1!
1(
b11110110 2
#66183264
0!
0(
#66193680
1!
1(
b11110111 2
#66204096
0!
0(
#66214512
1!
1(
b11111000 2
#66224928
0!
0(
#66235344
1!
1(
b11111001 2
#66245760
0!
0(
#66256176
1!
1(
b11111010 2
#66266592
0!
0(
#66277008
1!
1(
b11111011 2
#66287424
0!
0(
#66297840
1!
1(
b11111100 2
#66308256
0!
0(
#66318672
1!
1(
b11111101 2
#66329088
0!
0(
#66339504
1!
1(
b11111110 2
#66349920
0!
0(
#66360336
1!
1(
b11111111 2
#66370752
0!
0(
#66381168
1!
1(
b100000000 2
#66391584
0!
0(
#66402000
1!
1(
b100000001 2
#66412416
0!
0(
#66422832
1!
1(
b100000010 2
#66433248
0!
0(
#66443664
1!
1(
b100000011 2
#66454080
0!
0(
#66464496
1!
1(
b100000100 2
#66474912
0!
0(
#66485328
1!
1(
b100000101 2
#66495744
0!
0(
#66506160
1!
1(
b100000110 2
#66516576
0!
0(
#66526992
1!
1(
b100000111 2
#66537408
0!
0(
#66547824
1!
1(
b100001000 2
#66558240
0!
0(
#66568656
1!
1(
b100001001 2
#66579072
0!
0(
#66589488
1!
1(
b100001010 2
#66599904
0!
0(
#66610320
1!
1(
b100001011 2
#66620736
0!
0(
#66631152
1!
1(
b100001100 2
#66641568
0!
0(
#66651984
1!
1(
b100001101 2
#66662400
0!
0(
#66672816
1!
1(
b100001110 2
#66683232
0!
0(
#66693648
1!
1(
b100001111 2
#66704064
0!
0(
#66714480
1!
1(
b100010000 2
#66724896
0!
0(
#66735312
1!
1(
b100010001 2
#66745728
0!
0(
#66756144
1!
1(
b100010010 2
#66766560
0!
0(
#66776976
1!
1(
b100010011 2
#66787392
0!
0(
#66797808
1!
1(
b100010100 2
#66808224
0!
0(
#66818640
1!
1(
b100010101 2
#66829056
0!
0(
#66839472
1!
1(
b100010110 2
#66849888
0!
0(
#66860304
1!
1(
b100010111 2
#66870720
0!
0(
#66881136
1!
1(
b100011000 2
#66891552
0!
0(
#66901968
1!
1(
b100011001 2
#66912384
0!
0(
#66922800
1!
1(
b100011010 2
#66933216
0!
0(
#66943632
1!
1(
b100011011 2
#66954048
0!
0(
#66964464
1!
1(
b100011100 2
#66974880
0!
0(
#66985296
1!
1(
b100011101 2
#66995712
0!
0(
#67006128
1!
1(
b100011110 2
#67016544
0!
0(
#67026960
1!
1(
b100011111 2
#67037376
0!
0(
#67047792
1!
1(
b100100000 2
#67058208
0!
0(
#67068624
1!
1(
b100100001 2
#67079040
0!
0(
#67089456
1!
1(
b100100010 2
#67099872
0!
0(
#67110288
1!
1(
b100100011 2
#67120704
0!
0(
#67131120
1!
1(
b100100100 2
#67141536
0!
0(
#67151952
1!
1(
b100100101 2
#67162368
0!
0(
#67172784
1!
1(
b100100110 2
#67183200
0!
0(
#67193616
1!
1(
b100100111 2
#67204032
0!
0(
#67214448
1!
1(
b100101000 2
#67224864
0!
0(
#67235280
1!
1(
b100101001 2
#67245696
0!
0(
#67256112
1!
1(
b100101010 2
#67266528
0!
0(
#67276944
1!
1(
b100101011 2
#67287360
0!
0(
#67297776
1!
1(
b100101100 2
#67308192
0!
0(
#67318608
1!
1(
b100101101 2
#67329024
0!
0(
#67339440
1!
1(
b100101110 2
#67349856
0!
0(
#67360272
1!
1(
b100101111 2
#67370688
0!
0(
#67381104
1!
1(
b100110000 2
#67391520
0!
0(
#67401936
1!
1(
b100110001 2
#67412352
0!
0(
#67422768
1!
1(
b100110010 2
#67433184
0!
0(
#67443600
1!
1(
b100110011 2
#67454016
0!
0(
#67464432
1!
1(
b100110100 2
#67474848
0!
0(
#67485264
1!
1(
b100110101 2
#67495680
0!
0(
#67506096
1!
1(
b100110110 2
#67516512
0!
0(
#67526928
1!
1(
b100110111 2
#67537344
0!
0(
#67547760
1!
1(
b100111000 2
#67558176
0!
0(
#67568592
1!
1(
b100111001 2
#67579008
0!
0(
#67589424
1!
1(
b100111010 2
#67599840
0!
0(
#67610256
1!
1(
b100111011 2
#67620672
0!
0(
#67631088
1!
1(
b100111100 2
#67641504
0!
0(
#67651920
1!
1(
b100111101 2
#67662336
0!
0(
#67672752
1!
1(
b100111110 2
#67683168
0!
0(
#67693584
1!
1(
b100111111 2
#67704000
0!
0(
#67714416
1!
1(
b101000000 2
#67724832
0!
0(
#67735248
1!
1(
b101000001 2
#67745664
0!
0(
#67756080
1!
1(
b101000010 2
#67766496
0!
0(
#67776912
1!
1(
b101000011 2
#67787328
0!
0(
#67797744
1!
1(
b101000100 2
#67808160
0!
0(
#67818576
1!
1(
b101000101 2
#67828992
0!
0(
#67839408
1!
1(
b101000110 2
#67849824
0!
0(
#67860240
1!
1(
b101000111 2
#67870656
0!
0(
#67881072
1!
1(
b101001000 2
#67891488
0!
0(
#67901904
1!
1(
b101001001 2
#67912320
0!
0(
#67922736
1!
1(
b101001010 2
#67933152
0!
0(
#67943568
1!
1(
b101001011 2
#67953984
0!
0(
#67964400
1!
1(
b101001100 2
#67974816
0!
0(
#67985232
1!
1(
b101001101 2
#67995648
0!
0(
#68006064
1!
1(
b101001110 2
#68016480
0!
0(
#68026896
1!
1(
b101001111 2
#68037312
0!
0(
#68047728
1!
1(
b101010000 2
#68058144
0!
0(
#68068560
1!
1(
b101010001 2
#68078976
0!
0(
#68089392
1!
1(
b101010010 2
#68099808
0!
0(
#68110224
1!
1(
b101010011 2
#68120640
0!
0(
#68131056
1!
1(
b101010100 2
#68141472
0!
0(
#68151888
1!
1(
b101010101 2
#68162304
0!
0(
#68172720
1!
1(
b101010110 2
#68183136
0!
0(
#68193552
1!
1(
b101010111 2
#68203968
0!
0(
#68214384
1!
1(
b101011000 2
#68224800
0!
0(
#68235216
1!
1(
b101011001 2
#68245632
0!
0(
#68256048
1!
1(
b101011010 2
#68266464
0!
0(
#68276880
1!
1(
b101011011 2
#68287296
0!
0(
#68297712
1!
1(
b101011100 2
#68308128
0!
0(
#68318544
1!
1(
b101011101 2
#68328960
0!
0(
#68339376
1!
1(
b101011110 2
#68349792
0!
0(
#68360208
1!
1(
b101011111 2
#68370624
0!
0(
#68381040
1!
1(
b101100000 2
#68391456
0!
0(
#68401872
1!
1(
b101100001 2
#68412288
0!
0(
#68422704
1!
1(
b101100010 2
#68433120
0!
0(
#68443536
1!
1(
b101100011 2
#68453952
0!
0(
#68464368
1!
1(
b101100100 2
#68474784
0!
0(
#68485200
1!
1(
b101100101 2
#68495616
0!
0(
#68506032
1!
1(
b101100110 2
#68516448
0!
0(
#68526864
1!
1(
b101100111 2
#68537280
0!
0(
#68547696
1!
1(
b101101000 2
#68558112
0!
0(
#68568528
1!
1(
b101101001 2
#68578944
0!
0(
#68589360
1!
1(
b101101010 2
#68599776
0!
0(
#68610192
1!
1(
b101101011 2
#68620608
0!
0(
#68631024
1!
1(
b101101100 2
#68641440
0!
0(
#68651856
1!
1(
b101101101 2
#68662272
0!
0(
#68672688
1!
1(
b101101110 2
#68683104
0!
0(
#68693520
1!
1(
b101101111 2
#68703936
0!
0(
#68714352
1!
1(
b101110000 2
#68724768
0!
0(
#68735184
1!
1(
b101110001 2
#68745600
0!
0(
#68756016
1!
1(
b101110010 2
#68766432
0!
0(
#68776848
1!
1(
b101110011 2
#68787264
0!
0(
#68797680
1!
1(
b101110100 2
#68808096
0!
0(
#68818512
1!
1(
b101110101 2
#68828928
0!
0(
#68839344
1!
1(
b101110110 2
#68849760
0!
0(
#68860176
1!
1(
b101110111 2
#68870592
0!
0(
#68881008
1!
1(
b101111000 2
#68891424
0!
0(
#68901840
1!
1(
b101111001 2
#68912256
0!
0(
#68922672
1!
1(
b101111010 2
#68933088
0!
0(
#68943504
1!
1(
b101111011 2
#68953920
0!
0(
#68964336
1!
1(
b101111100 2
#68974752
0!
0(
#68985168
1!
1(
b101111101 2
#68995584
0!
0(
#69006000
1!
1(
b101111110 2
#69016416
0!
0(
#69026832
1!
1(
b101111111 2
#69037248
0!
0(
#69047664
1!
1(
b110000000 2
#69058080
0!
0(
#69068496
1!
1(
b110000001 2
#69078912
0!
0(
#69089328
1!
1(
b110000010 2
#69099744
0!
0(
#69110160
1!
1(
b110000011 2
#69120576
0!
0(
#69130992
1!
1(
b110000100 2
#69141408
0!
0(
#69151824
1!
1(
b110000101 2
#69162240
0!
0(
#69172656
1!
1(
b110000110 2
#69183072
0!
0(
#69193488
1!
1(
b110000111 2
#69203904
0!
0(
#69214320
1!
1(
b110001000 2
#69224736
0!
0(
#69235152
1!
1(
b110001001 2
#69245568
0!
0(
#69255984
1!
1(
b110001010 2
#69266400
0!
0(
#69276816
1!
1(
b110001011 2
#69287232
0!
0(
#69297648
1!
1(
b110001100 2
#69308064
0!
0(
#69318480
1!
1(
b110001101 2
#69328896
0!
0(
#69339312
1!
1(
b110001110 2
#69349728
0!
0(
#69360144
1!
1(
b110001111 2
#69370560
0!
0(
#69380976
1!
1(
b110010000 2
#69391392
0!
0(
#69401808
1!
1(
b110010001 2
#69412224
0!
0(
#69422640
1!
1(
b110010010 2
#69433056
0!
0(
#69443472
1!
1(
b110010011 2
#69453888
0!
0(
#69464304
1!
1(
b110010100 2
#69474720
0!
0(
#69485136
1!
1(
b110010101 2
#69495552
0!
0(
#69505968
1!
1(
b110010110 2
#69516384
0!
0(
#69526800
1!
1(
b110010111 2
#69537216
0!
0(
#69547632
1!
1(
b110011000 2
#69558048
0!
0(
#69568464
1!
1(
b110011001 2
#69578880
0!
0(
#69589296
1!
1(
b110011010 2
#69599712
0!
0(
#69610128
1!
1(
b110011011 2
#69620544
0!
0(
#69630960
1!
1(
b110011100 2
#69641376
0!
0(
#69651792
1!
1(
b110011101 2
#69662208
0!
0(
#69672624
1!
1(
b110011110 2
#69683040
0!
0(
#69693456
1!
1(
b110011111 2
#69703872
0!
0(
#69714288
1!
1(
b110100000 2
#69724704
0!
0(
#69735120
1!
1(
b0 2
b111 3
#69745536
0!
0(
#69755952
1!
1(
05
b1 2
0%
#69766368
0!
0(
#69776784
1!
1(
b10 2
#69787200
0!
0(
#69797616
1!
1(
b11 2
#69808032
0!
0(
#69818448
1!
1(
b100 2
#69828864
0!
0(
#69839280
1!
1(
b101 2
#69849696
0!
0(
#69860112
1!
1(
b110 2
#69870528
0!
0(
#69880944
1!
1(
b111 2
#69891360
0!
0(
#69901776
1!
1(
b1000 2
#69912192
0!
0(
#69922608
1!
1(
b1001 2
#69933024
0!
0(
#69943440
1!
1(
b1010 2
#69953856
0!
0(
#69964272
1!
1(
b1011 2
#69974688
0!
0(
#69985104
1!
1(
b1100 2
#69995520
0!
0(
#70005936
1!
1(
b1101 2
#70016352
0!
0(
#70026768
1!
1(
b1110 2
#70037184
0!
0(
#70047600
1!
1(
b1111 2
#70058016
0!
0(
#70068432
1!
1(
b10000 2
#70078848
0!
0(
#70089264
1!
1(
b10001 2
#70099680
0!
0(
#70110096
1!
1(
b10010 2
#70120512
0!
0(
#70130928
1!
1(
b10011 2
#70141344
0!
0(
#70151760
1!
1(
b10100 2
#70162176
0!
0(
#70172592
1!
1(
b10101 2
#70183008
0!
0(
#70193424
1!
1(
b10110 2
#70203840
0!
0(
#70214256
1!
1(
b10111 2
#70224672
0!
0(
#70235088
1!
1(
b11000 2
#70245504
0!
0(
#70255920
1!
1(
b11001 2
#70266336
0!
0(
#70276752
1!
1(
b11010 2
#70287168
0!
0(
#70297584
1!
1(
b11011 2
#70308000
0!
0(
#70318416
1!
1(
b11100 2
#70328832
0!
0(
#70339248
1!
1(
b11101 2
#70349664
0!
0(
#70360080
1!
1(
b11110 2
#70370496
0!
0(
#70380912
1!
1(
b11111 2
#70391328
0!
0(
#70401744
1!
1(
b100000 2
#70412160
0!
0(
#70422576
1!
1(
b100001 2
#70432992
0!
0(
#70443408
1!
1(
b100010 2
#70453824
0!
0(
#70464240
1!
1(
b100011 2
#70474656
0!
0(
#70485072
1!
1(
b100100 2
#70495488
0!
0(
#70505904
1!
1(
b100101 2
#70516320
0!
0(
#70526736
1!
1(
b100110 2
#70537152
0!
0(
#70547568
1!
1(
b100111 2
#70557984
0!
0(
#70568400
1!
1(
b101000 2
#70578816
0!
0(
#70589232
1!
1(
b101001 2
#70599648
0!
0(
#70610064
1!
1(
b101010 2
#70620480
0!
0(
#70630896
1!
1(
b101011 2
#70641312
0!
0(
#70651728
1!
1(
b101100 2
#70662144
0!
0(
#70672560
1!
1(
b101101 2
#70682976
0!
0(
#70693392
1!
1(
b101110 2
#70703808
0!
0(
#70714224
1!
1(
b101111 2
#70724640
0!
0(
#70735056
1!
1(
b110000 2
#70745472
0!
0(
#70755888
1!
1(
b110001 2
#70766304
0!
0(
#70776720
1!
1(
b110010 2
#70787136
0!
0(
#70797552
1!
1(
b110011 2
#70807968
0!
0(
#70818384
1!
1(
b110100 2
#70828800
0!
0(
#70839216
1!
1(
b110101 2
#70849632
0!
0(
#70860048
1!
1(
b110110 2
#70870464
0!
0(
#70880880
1!
1(
b110111 2
#70891296
0!
0(
#70901712
1!
1(
b111000 2
#70912128
0!
0(
#70922544
1!
1(
b111001 2
#70932960
0!
0(
#70943376
1!
1(
b111010 2
#70953792
0!
0(
#70964208
1!
1(
b111011 2
#70974624
0!
0(
#70985040
1!
1(
b111100 2
#70995456
0!
0(
#71005872
1!
1(
b111101 2
#71016288
0!
0(
#71026704
1!
1(
b111110 2
#71037120
0!
0(
#71047536
1!
1(
b111111 2
#71057952
0!
0(
#71068368
1!
1(
b1000000 2
#71078784
0!
0(
#71089200
1!
1(
b1000001 2
#71099616
0!
0(
#71110032
1!
1(
b1000010 2
#71120448
0!
0(
#71130864
1!
1(
b1000011 2
#71141280
0!
0(
#71151696
1!
1(
b1000100 2
#71162112
0!
0(
#71172528
1!
1(
b1000101 2
#71182944
0!
0(
#71193360
1!
1(
b1000110 2
#71203776
0!
0(
#71214192
1!
1(
b1000111 2
#71224608
0!
0(
#71235024
1!
1(
b1001000 2
#71245440
0!
0(
#71255856
1!
1(
b1001001 2
#71266272
0!
0(
#71276688
1!
1(
b1001010 2
#71287104
0!
0(
#71297520
1!
1(
b1001011 2
#71307936
0!
0(
#71318352
1!
1(
b1001100 2
#71328768
0!
0(
#71339184
1!
1(
b1001101 2
#71349600
0!
0(
#71360016
1!
1(
b1001110 2
#71370432
0!
0(
#71380848
1!
1(
b1001111 2
#71391264
0!
0(
#71401680
1!
1(
b1010000 2
#71412096
0!
0(
#71422512
1!
1(
b1010001 2
#71432928
0!
0(
#71443344
1!
1(
b1010010 2
#71453760
0!
0(
#71464176
1!
1(
b1010011 2
#71474592
0!
0(
#71485008
1!
1(
b1010100 2
#71495424
0!
0(
#71505840
1!
1(
b1010101 2
#71516256
0!
0(
#71526672
1!
1(
b1010110 2
#71537088
0!
0(
#71547504
1!
1(
b1010111 2
#71557920
0!
0(
#71568336
1!
1(
b1011000 2
#71578752
0!
0(
#71589168
1!
1(
b1011001 2
#71599584
0!
0(
#71610000
1!
1(
b1011010 2
#71620416
0!
0(
#71630832
1!
1(
b1011011 2
#71641248
0!
0(
#71651664
1!
1(
b1011100 2
#71662080
0!
0(
#71672496
1!
1(
b1011101 2
#71682912
0!
0(
#71693328
1!
1(
b1011110 2
#71703744
0!
0(
#71714160
1!
1(
b1011111 2
#71724576
0!
0(
#71734992
1!
1(
b1100000 2
#71745408
0!
0(
#71755824
1!
1(
b1100001 2
#71766240
0!
0(
#71776656
1!
1(
b1100010 2
#71787072
0!
0(
#71797488
1!
1(
b1100011 2
#71807904
0!
0(
#71818320
1!
1(
b1100100 2
#71828736
0!
0(
#71839152
1!
1(
b1100101 2
#71849568
0!
0(
#71859984
1!
1(
b1100110 2
#71870400
0!
0(
#71880816
1!
1(
b1100111 2
#71891232
0!
0(
#71901648
1!
1(
b1101000 2
#71912064
0!
0(
#71922480
1!
1(
b1101001 2
#71932896
0!
0(
#71943312
1!
1(
b1101010 2
#71953728
0!
0(
#71964144
1!
1(
b1101011 2
#71974560
0!
0(
#71984976
1!
1(
b1101100 2
#71995392
0!
0(
#72005808
1!
1(
b1101101 2
#72016224
0!
0(
#72026640
1!
1(
b1101110 2
#72037056
0!
0(
#72047472
1!
1(
b1101111 2
#72057888
0!
0(
#72068304
1!
1(
b1110000 2
#72078720
0!
0(
#72089136
1!
1(
b1110001 2
#72099552
0!
0(
#72109968
1!
1(
b1110010 2
#72120384
0!
0(
#72130800
1!
1(
b1110011 2
#72141216
0!
0(
#72151632
1!
1(
b1110100 2
#72162048
0!
0(
#72172464
1!
1(
b1110101 2
#72182880
0!
0(
#72193296
1!
1(
b1110110 2
#72203712
0!
0(
#72214128
1!
1(
b1110111 2
#72224544
0!
0(
#72234960
1!
1(
b1111000 2
#72245376
0!
0(
#72255792
1!
1(
b1111001 2
#72266208
0!
0(
#72276624
1!
1(
b1111010 2
#72287040
0!
0(
#72297456
1!
1(
b1111011 2
#72307872
0!
0(
#72318288
1!
1(
b1111100 2
#72328704
0!
0(
#72339120
1!
1(
b1111101 2
#72349536
0!
0(
#72359952
1!
1(
b1111110 2
#72370368
0!
0(
#72380784
1!
1(
b1111111 2
#72391200
0!
0(
#72401616
1!
1(
b10000000 2
#72412032
0!
0(
#72422448
1!
1(
b10000001 2
#72432864
0!
0(
#72443280
1!
1(
b10000010 2
#72453696
0!
0(
#72464112
1!
1(
b10000011 2
#72474528
0!
0(
#72484944
1!
1(
b10000100 2
#72495360
0!
0(
#72505776
1!
1(
b10000101 2
#72516192
0!
0(
#72526608
1!
1(
b10000110 2
#72537024
0!
0(
#72547440
1!
1(
b10000111 2
#72557856
0!
0(
#72568272
1!
1(
b10001000 2
#72578688
0!
0(
#72589104
1!
1(
b10001001 2
#72599520
0!
0(
#72609936
1!
1(
b10001010 2
#72620352
0!
0(
#72630768
1!
1(
b10001011 2
#72641184
0!
0(
#72651600
1!
1(
b10001100 2
#72662016
0!
0(
#72672432
1!
1(
b10001101 2
#72682848
0!
0(
#72693264
1!
1(
b10001110 2
#72703680
0!
0(
#72714096
1!
1(
b10001111 2
#72724512
0!
0(
#72734928
1!
1(
b10010000 2
#72745344
0!
0(
#72755760
1!
1(
b10010001 2
#72766176
0!
0(
#72776592
1!
1(
b10010010 2
#72787008
0!
0(
#72797424
1!
1(
b10010011 2
#72807840
0!
0(
#72818256
1!
1(
b10010100 2
#72828672
0!
0(
#72839088
1!
1(
b10010101 2
#72849504
0!
0(
#72859920
1!
1(
b10010110 2
#72870336
0!
0(
#72880752
1!
1(
b10010111 2
#72891168
0!
0(
#72901584
1!
1(
b10011000 2
#72912000
0!
0(
#72922416
1!
1(
b10011001 2
#72932832
0!
0(
#72943248
1!
1(
b10011010 2
#72953664
0!
0(
#72964080
1!
1(
b10011011 2
#72974496
0!
0(
#72984912
1!
1(
b10011100 2
#72995328
0!
0(
#73005744
1!
1(
b10011101 2
#73016160
0!
0(
#73026576
1!
1(
b10011110 2
#73036992
0!
0(
#73047408
1!
1(
b10011111 2
#73057824
0!
0(
#73068240
1!
1(
b10100000 2
#73078656
0!
0(
#73089072
1!
1(
b10100001 2
#73099488
0!
0(
#73109904
1!
1(
b10100010 2
#73120320
0!
0(
#73130736
1!
1(
b10100011 2
#73141152
0!
0(
#73151568
1!
1(
b10100100 2
#73161984
0!
0(
#73172400
1!
1(
b10100101 2
#73182816
0!
0(
#73193232
1!
1(
b10100110 2
#73203648
0!
0(
#73214064
1!
1(
b10100111 2
#73224480
0!
0(
#73234896
1!
1(
b10101000 2
#73245312
0!
0(
#73255728
1!
1(
b10101001 2
#73266144
0!
0(
#73276560
1!
1(
b10101010 2
#73286976
0!
0(
#73297392
1!
1(
b10101011 2
#73307808
0!
0(
#73318224
1!
1(
b10101100 2
#73328640
0!
0(
#73339056
1!
1(
b10101101 2
#73349472
0!
0(
#73359888
1!
1(
b10101110 2
#73370304
0!
0(
#73380720
1!
1(
b10101111 2
#73391136
0!
0(
#73401552
1!
1(
b10110000 2
#73411968
0!
0(
#73422384
1!
1(
b10110001 2
#73432800
0!
0(
#73443216
1!
1(
b10110010 2
#73453632
0!
0(
#73464048
1!
1(
b10110011 2
#73474464
0!
0(
#73484880
1!
1(
b10110100 2
#73495296
0!
0(
#73505712
1!
1(
b10110101 2
#73516128
0!
0(
#73526544
1!
1(
b10110110 2
#73536960
0!
0(
#73547376
1!
1(
b10110111 2
#73557792
0!
0(
#73568208
1!
1(
b10111000 2
#73578624
0!
0(
#73589040
1!
1(
b10111001 2
#73599456
0!
0(
#73609872
1!
1(
b10111010 2
#73620288
0!
0(
#73630704
1!
1(
b10111011 2
#73641120
0!
0(
#73651536
1!
1(
b10111100 2
#73661952
0!
0(
#73672368
1!
1(
b10111101 2
#73682784
0!
0(
#73693200
1!
1(
b10111110 2
#73703616
0!
0(
#73714032
1!
1(
b10111111 2
#73724448
0!
0(
#73734864
1!
1(
b11000000 2
#73745280
0!
0(
#73755696
1!
1(
b11000001 2
#73766112
0!
0(
#73776528
1!
1(
b11000010 2
#73786944
0!
0(
#73797360
1!
1(
b11000011 2
#73807776
0!
0(
#73818192
1!
1(
b11000100 2
#73828608
0!
0(
#73839024
1!
1(
b11000101 2
#73849440
0!
0(
#73859856
1!
1(
b11000110 2
#73870272
0!
0(
#73880688
1!
1(
b11000111 2
#73891104
0!
0(
#73901520
1!
1(
b11001000 2
#73911936
0!
0(
#73922352
1!
1(
b11001001 2
#73932768
0!
0(
#73943184
1!
1(
b11001010 2
#73953600
0!
0(
#73964016
1!
1(
b11001011 2
#73974432
0!
0(
#73984848
1!
1(
b11001100 2
#73995264
0!
0(
#74005680
1!
1(
b11001101 2
#74016096
0!
0(
#74026512
1!
1(
b11001110 2
#74036928
0!
0(
#74047344
1!
1(
b11001111 2
#74057760
0!
0(
#74068176
1!
1(
b11010000 2
#74078592
0!
0(
#74089008
1!
1(
b11010001 2
#74099424
0!
0(
#74109840
1!
1(
b11010010 2
#74120256
0!
0(
#74130672
1!
1(
b11010011 2
#74141088
0!
0(
#74151504
1!
1(
b11010100 2
#74161920
0!
0(
#74172336
1!
1(
b11010101 2
#74182752
0!
0(
#74193168
1!
1(
b11010110 2
#74203584
0!
0(
#74214000
1!
1(
b11010111 2
#74224416
0!
0(
#74234832
1!
1(
b11011000 2
#74245248
0!
0(
#74255664
1!
1(
b11011001 2
#74266080
0!
0(
#74276496
1!
1(
b11011010 2
#74286912
0!
0(
#74297328
1!
1(
b11011011 2
#74307744
0!
0(
#74318160
1!
1(
b11011100 2
#74328576
0!
0(
#74338992
1!
1(
b11011101 2
#74349408
0!
0(
#74359824
1!
1(
b11011110 2
#74370240
0!
0(
#74380656
1!
1(
b11011111 2
#74391072
0!
0(
#74401488
1!
1(
b11100000 2
#74411904
0!
0(
#74422320
1!
1(
b11100001 2
#74432736
0!
0(
#74443152
1!
1(
b11100010 2
#74453568
0!
0(
#74463984
1!
1(
b11100011 2
#74474400
0!
0(
#74484816
1!
1(
b11100100 2
#74495232
0!
0(
#74505648
1!
1(
b11100101 2
#74516064
0!
0(
#74526480
1!
1(
b11100110 2
#74536896
0!
0(
#74547312
1!
1(
b11100111 2
#74557728
0!
0(
#74568144
1!
1(
b11101000 2
#74578560
0!
0(
#74588976
1!
1(
b11101001 2
#74599392
0!
0(
#74609808
1!
1(
b11101010 2
#74620224
0!
0(
#74630640
1!
1(
b11101011 2
#74641056
0!
0(
#74651472
1!
1(
b11101100 2
#74661888
0!
0(
#74672304
1!
1(
b11101101 2
#74682720
0!
0(
#74693136
1!
1(
b11101110 2
#74703552
0!
0(
#74713968
1!
1(
b11101111 2
#74724384
0!
0(
#74734800
1!
1(
b11110000 2
#74745216
0!
0(
#74755632
1!
1(
b11110001 2
#74766048
0!
0(
#74776464
1!
1(
b11110010 2
#74786880
0!
0(
#74797296
1!
1(
b11110011 2
#74807712
0!
0(
#74818128
1!
1(
b11110100 2
#74828544
0!
0(
#74838960
1!
1(
b11110101 2
#74849376
0!
0(
#74859792
1!
1(
b11110110 2
#74870208
0!
0(
#74880624
1!
1(
b11110111 2
#74891040
0!
0(
#74901456
1!
1(
b11111000 2
#74911872
0!
0(
#74922288
1!
1(
b11111001 2
#74932704
0!
0(
#74943120
1!
1(
b11111010 2
#74953536
0!
0(
#74963952
1!
1(
b11111011 2
#74974368
0!
0(
#74984784
1!
1(
b11111100 2
#74995200
0!
0(
#75005616
1!
1(
b11111101 2
#75016032
0!
0(
#75026448
1!
1(
b11111110 2
#75036864
0!
0(
#75047280
1!
1(
b11111111 2
#75057696
0!
0(
#75068112
1!
1(
b100000000 2
#75078528
0!
0(
#75088944
1!
1(
b100000001 2
#75099360
0!
0(
#75109776
1!
1(
b100000010 2
#75120192
0!
0(
#75130608
1!
1(
b100000011 2
#75141024
0!
0(
#75151440
1!
1(
b100000100 2
#75161856
0!
0(
#75172272
1!
1(
b100000101 2
#75182688
0!
0(
#75193104
1!
1(
b100000110 2
#75203520
0!
0(
#75213936
1!
1(
b100000111 2
#75224352
0!
0(
#75234768
1!
1(
b100001000 2
#75245184
0!
0(
#75255600
1!
1(
b100001001 2
#75266016
0!
0(
#75276432
1!
1(
b100001010 2
#75286848
0!
0(
#75297264
1!
1(
b100001011 2
#75307680
0!
0(
#75318096
1!
1(
b100001100 2
#75328512
0!
0(
#75338928
1!
1(
b100001101 2
#75349344
0!
0(
#75359760
1!
1(
b100001110 2
#75370176
0!
0(
#75380592
1!
1(
b100001111 2
#75391008
0!
0(
#75401424
1!
1(
b100010000 2
#75411840
0!
0(
#75422256
1!
1(
b100010001 2
#75432672
0!
0(
#75443088
1!
1(
b100010010 2
#75453504
0!
0(
#75463920
1!
1(
b100010011 2
#75474336
0!
0(
#75484752
1!
1(
b100010100 2
#75495168
0!
0(
#75505584
1!
1(
b100010101 2
#75516000
0!
0(
#75526416
1!
1(
b100010110 2
#75536832
0!
0(
#75547248
1!
1(
b100010111 2
#75557664
0!
0(
#75568080
1!
1(
b100011000 2
#75578496
0!
0(
#75588912
1!
1(
b100011001 2
#75599328
0!
0(
#75609744
1!
1(
b100011010 2
#75620160
0!
0(
#75630576
1!
1(
b100011011 2
#75640992
0!
0(
#75651408
1!
1(
b100011100 2
#75661824
0!
0(
#75672240
1!
1(
b100011101 2
#75682656
0!
0(
#75693072
1!
1(
b100011110 2
#75703488
0!
0(
#75713904
1!
1(
b100011111 2
#75724320
0!
0(
#75734736
1!
1(
b100100000 2
#75745152
0!
0(
#75755568
1!
1(
b100100001 2
#75765984
0!
0(
#75776400
1!
1(
b100100010 2
#75786816
0!
0(
#75797232
1!
1(
b100100011 2
#75807648
0!
0(
#75818064
1!
1(
b100100100 2
#75828480
0!
0(
#75838896
1!
1(
b100100101 2
#75849312
0!
0(
#75859728
1!
1(
b100100110 2
#75870144
0!
0(
#75880560
1!
1(
b100100111 2
#75890976
0!
0(
#75901392
1!
1(
b100101000 2
#75911808
0!
0(
#75922224
1!
1(
b100101001 2
#75932640
0!
0(
#75943056
1!
1(
b100101010 2
#75953472
0!
0(
#75963888
1!
1(
b100101011 2
#75974304
0!
0(
#75984720
1!
1(
b100101100 2
#75995136
0!
0(
#76005552
1!
1(
b100101101 2
#76015968
0!
0(
#76026384
1!
1(
b100101110 2
#76036800
0!
0(
#76047216
1!
1(
b100101111 2
#76057632
0!
0(
#76068048
1!
1(
b100110000 2
#76078464
0!
0(
#76088880
1!
1(
b100110001 2
#76099296
0!
0(
#76109712
1!
1(
b100110010 2
#76120128
0!
0(
#76130544
1!
1(
b100110011 2
#76140960
0!
0(
#76151376
1!
1(
b100110100 2
#76161792
0!
0(
#76172208
1!
1(
b100110101 2
#76182624
0!
0(
#76193040
1!
1(
b100110110 2
#76203456
0!
0(
#76213872
1!
1(
b100110111 2
#76224288
0!
0(
#76234704
1!
1(
b100111000 2
#76245120
0!
0(
#76255536
1!
1(
b100111001 2
#76265952
0!
0(
#76276368
1!
1(
b100111010 2
#76286784
0!
0(
#76297200
1!
1(
b100111011 2
#76307616
0!
0(
#76318032
1!
1(
b100111100 2
#76328448
0!
0(
#76338864
1!
1(
b100111101 2
#76349280
0!
0(
#76359696
1!
1(
b100111110 2
#76370112
0!
0(
#76380528
1!
1(
b100111111 2
#76390944
0!
0(
#76401360
1!
1(
b101000000 2
#76411776
0!
0(
#76422192
1!
1(
b101000001 2
#76432608
0!
0(
#76443024
1!
1(
b101000010 2
#76453440
0!
0(
#76463856
1!
1(
b101000011 2
#76474272
0!
0(
#76484688
1!
1(
b101000100 2
#76495104
0!
0(
#76505520
1!
1(
b101000101 2
#76515936
0!
0(
#76526352
1!
1(
b101000110 2
#76536768
0!
0(
#76547184
1!
1(
b101000111 2
#76557600
0!
0(
#76568016
1!
1(
b101001000 2
#76578432
0!
0(
#76588848
1!
1(
b101001001 2
#76599264
0!
0(
#76609680
1!
1(
b101001010 2
#76620096
0!
0(
#76630512
1!
1(
b101001011 2
#76640928
0!
0(
#76651344
1!
1(
b101001100 2
#76661760
0!
0(
#76672176
1!
1(
b101001101 2
#76682592
0!
0(
#76693008
1!
1(
b101001110 2
#76703424
0!
0(
#76713840
1!
1(
b101001111 2
#76724256
0!
0(
#76734672
1!
1(
b101010000 2
#76745088
0!
0(
#76755504
1!
1(
b101010001 2
#76765920
0!
0(
#76776336
1!
1(
b101010010 2
#76786752
0!
0(
#76797168
1!
1(
b101010011 2
#76807584
0!
0(
#76818000
1!
1(
b101010100 2
#76828416
0!
0(
#76838832
1!
1(
b101010101 2
#76849248
0!
0(
#76859664
1!
1(
b101010110 2
#76870080
0!
0(
#76880496
1!
1(
b101010111 2
#76890912
0!
0(
#76901328
1!
1(
b101011000 2
#76911744
0!
0(
#76922160
1!
1(
b101011001 2
#76932576
0!
0(
#76942992
1!
1(
b101011010 2
#76953408
0!
0(
#76963824
1!
1(
b101011011 2
#76974240
0!
0(
#76984656
1!
1(
b101011100 2
#76995072
0!
0(
#77005488
1!
1(
b101011101 2
#77015904
0!
0(
#77026320
1!
1(
b101011110 2
#77036736
0!
0(
#77047152
1!
1(
b101011111 2
#77057568
0!
0(
#77067984
1!
1(
b101100000 2
#77078400
0!
0(
#77088816
1!
1(
b101100001 2
#77099232
0!
0(
#77109648
1!
1(
b101100010 2
#77120064
0!
0(
#77130480
1!
1(
b101100011 2
#77140896
0!
0(
#77151312
1!
1(
b101100100 2
#77161728
0!
0(
#77172144
1!
1(
b101100101 2
#77182560
0!
0(
#77192976
1!
1(
b101100110 2
#77203392
0!
0(
#77213808
1!
1(
b101100111 2
#77224224
0!
0(
#77234640
1!
1(
b101101000 2
#77245056
0!
0(
#77255472
1!
1(
b101101001 2
#77265888
0!
0(
#77276304
1!
1(
b101101010 2
#77286720
0!
0(
#77297136
1!
1(
b101101011 2
#77307552
0!
0(
#77317968
1!
1(
b101101100 2
#77328384
0!
0(
#77338800
1!
1(
b101101101 2
#77349216
0!
0(
#77359632
1!
1(
b101101110 2
#77370048
0!
0(
#77380464
1!
1(
b101101111 2
#77390880
0!
0(
#77401296
1!
1(
b101110000 2
#77411712
0!
0(
#77422128
1!
1(
b101110001 2
#77432544
0!
0(
#77442960
1!
1(
b101110010 2
#77453376
0!
0(
#77463792
1!
1(
b101110011 2
#77474208
0!
0(
#77484624
1!
1(
b101110100 2
#77495040
0!
0(
#77505456
1!
1(
b101110101 2
#77515872
0!
0(
#77526288
1!
1(
b101110110 2
#77536704
0!
0(
#77547120
1!
1(
b101110111 2
#77557536
0!
0(
#77567952
1!
1(
b101111000 2
#77578368
0!
0(
#77588784
1!
1(
b101111001 2
#77599200
0!
0(
#77609616
1!
1(
b101111010 2
#77620032
0!
0(
#77630448
1!
1(
b101111011 2
#77640864
0!
0(
#77651280
1!
1(
b101111100 2
#77661696
0!
0(
#77672112
1!
1(
b101111101 2
#77682528
0!
0(
#77692944
1!
1(
b101111110 2
#77703360
0!
0(
#77713776
1!
1(
b101111111 2
#77724192
0!
0(
#77734608
1!
1(
b110000000 2
#77745024
0!
0(
#77755440
1!
1(
b110000001 2
#77765856
0!
0(
#77776272
1!
1(
b110000010 2
#77786688
0!
0(
#77797104
1!
1(
b110000011 2
#77807520
0!
0(
#77817936
1!
1(
b110000100 2
#77828352
0!
0(
#77838768
1!
1(
b110000101 2
#77849184
0!
0(
#77859600
1!
1(
b110000110 2
#77870016
0!
0(
#77880432
1!
1(
b110000111 2
#77890848
0!
0(
#77901264
1!
1(
b110001000 2
#77911680
0!
0(
#77922096
1!
1(
b110001001 2
#77932512
0!
0(
#77942928
1!
1(
b110001010 2
#77953344
0!
0(
#77963760
1!
1(
b110001011 2
#77974176
0!
0(
#77984592
1!
1(
b110001100 2
#77995008
0!
0(
#78005424
1!
1(
b110001101 2
#78015840
0!
0(
#78026256
1!
1(
b110001110 2
#78036672
0!
0(
#78047088
1!
1(
b110001111 2
#78057504
0!
0(
#78067920
1!
1(
b110010000 2
#78078336
0!
0(
#78088752
1!
1(
b110010001 2
#78099168
0!
0(
#78109584
1!
1(
b110010010 2
#78120000
0!
0(
#78130416
1!
1(
b110010011 2
#78140832
0!
0(
#78151248
1!
1(
b110010100 2
#78161664
0!
0(
#78172080
1!
1(
b110010101 2
#78182496
0!
0(
#78192912
1!
1(
b110010110 2
#78203328
0!
0(
#78213744
1!
1(
b110010111 2
#78224160
0!
0(
#78234576
1!
1(
b110011000 2
#78244992
0!
0(
#78255408
1!
1(
b110011001 2
#78265824
0!
0(
#78276240
1!
1(
b110011010 2
#78286656
0!
0(
#78297072
1!
1(
b110011011 2
#78307488
0!
0(
#78317904
1!
1(
b110011100 2
#78328320
0!
0(
#78338736
1!
1(
b110011101 2
#78349152
0!
0(
#78359568
1!
1(
b110011110 2
#78369984
0!
0(
#78380400
1!
1(
b110011111 2
#78390816
0!
0(
#78401232
1!
1(
b110100000 2
#78411648
0!
0(
#78422064
1!
1(
b0 2
b0 3
b11 1
#78432480
0!
0(
#78442896
1!
1(
15
b1 2
1%
#78453312
0!
0(
#78463728
1!
1(
b10 2
#78474144
0!
0(
#78484560
1!
1(
b11 2
#78494976
0!
0(
#78505392
1!
1(
b100 2
#78515808
0!
0(
#78526224
1!
1(
b101 2
#78536640
0!
0(
#78547056
1!
1(
b110 2
#78557472
0!
0(
#78567888
1!
1(
b111 2
#78578304
0!
0(
#78588720
1!
1(
b1000 2
#78599136
0!
0(
#78609552
1!
1(
b1001 2
#78619968
0!
0(
#78630384
1!
1(
b1010 2
#78640800
0!
0(
#78651216
1!
1(
b1011 2
#78661632
0!
0(
#78672048
1!
1(
b1100 2
#78682464
0!
0(
#78692880
1!
1(
b1101 2
#78703296
0!
0(
#78713712
1!
1(
b1110 2
#78724128
0!
0(
#78734544
1!
1(
b1111 2
#78744960
0!
0(
#78755376
1!
1(
b10000 2
#78765792
0!
0(
#78776208
1!
1(
b10001 2
#78786624
0!
0(
#78797040
1!
1(
b10010 2
#78807456
0!
0(
#78817872
1!
1(
b10011 2
#78828288
0!
0(
#78838704
1!
1(
b10100 2
#78849120
0!
0(
#78859536
1!
1(
b10101 2
#78869952
0!
0(
#78880368
1!
1(
b10110 2
#78890784
0!
0(
#78901200
1!
1(
b10111 2
#78911616
0!
0(
#78922032
1!
1(
b11000 2
#78932448
0!
0(
#78942864
1!
1(
b11001 2
#78953280
0!
0(
#78963696
1!
1(
b11010 2
#78974112
0!
0(
#78984528
1!
1(
b11011 2
#78994944
0!
0(
#79005360
1!
1(
b11100 2
#79015776
0!
0(
#79026192
1!
1(
b11101 2
#79036608
0!
0(
#79047024
1!
1(
b11110 2
#79057440
0!
0(
#79067856
1!
1(
b11111 2
#79078272
0!
0(
#79088688
1!
1(
b100000 2
#79099104
0!
0(
#79109520
1!
1(
b100001 2
#79119936
0!
0(
#79130352
1!
1(
b100010 2
#79140768
0!
0(
#79151184
1!
1(
b100011 2
#79161600
0!
0(
#79172016
1!
1(
b100100 2
#79182432
0!
0(
#79192848
1!
1(
b100101 2
#79203264
0!
0(
#79213680
1!
1(
b100110 2
#79224096
0!
0(
#79234512
1!
1(
b100111 2
#79244928
0!
0(
#79255344
1!
1(
b101000 2
#79265760
0!
0(
#79276176
1!
1(
b101001 2
#79286592
0!
0(
#79297008
1!
1(
b101010 2
#79307424
0!
0(
#79317840
1!
1(
b101011 2
#79328256
0!
0(
#79338672
1!
1(
b101100 2
#79349088
0!
0(
#79359504
1!
1(
b101101 2
#79369920
0!
0(
#79380336
1!
1(
b101110 2
#79390752
0!
0(
#79401168
1!
1(
b101111 2
#79411584
0!
0(
#79422000
1!
1(
b110000 2
#79432416
0!
0(
#79442832
1!
1(
b110001 2
#79453248
0!
0(
#79463664
1!
1(
b110010 2
#79474080
0!
0(
#79484496
1!
1(
b110011 2
#79494912
0!
0(
#79505328
1!
1(
b110100 2
#79515744
0!
0(
#79526160
1!
1(
b110101 2
#79536576
0!
0(
#79546992
1!
1(
b110110 2
#79557408
0!
0(
#79567824
1!
1(
b110111 2
#79578240
0!
0(
#79588656
1!
1(
b111000 2
#79599072
0!
0(
#79609488
1!
1(
b111001 2
#79619904
0!
0(
#79630320
1!
1(
b111010 2
#79640736
0!
0(
#79651152
1!
1(
b111011 2
#79661568
0!
0(
#79671984
1!
1(
b111100 2
#79682400
0!
0(
#79692816
1!
1(
b111101 2
#79703232
0!
0(
#79713648
1!
1(
b111110 2
#79724064
0!
0(
#79734480
1!
1(
b111111 2
#79744896
0!
0(
#79755312
1!
1(
b1000000 2
#79765728
0!
0(
#79776144
1!
1(
b1000001 2
#79786560
0!
0(
#79796976
1!
1(
b1000010 2
#79807392
0!
0(
#79817808
1!
1(
b1000011 2
#79828224
0!
0(
#79838640
1!
1(
b1000100 2
#79849056
0!
0(
#79859472
1!
1(
b1000101 2
#79869888
0!
0(
#79880304
1!
1(
b1000110 2
#79890720
0!
0(
#79901136
1!
1(
b1000111 2
#79911552
0!
0(
#79921968
1!
1(
b1001000 2
#79932384
0!
0(
#79942800
1!
1(
b1001001 2
#79953216
0!
0(
#79963632
1!
1(
b1001010 2
#79974048
0!
0(
#79984464
1!
1(
b1001011 2
#79994880
0!
0(
#80005296
1!
1(
b1001100 2
#80015712
0!
0(
#80026128
1!
1(
b1001101 2
#80036544
0!
0(
#80046960
1!
1(
b1001110 2
#80057376
0!
0(
#80067792
1!
1(
b1001111 2
#80078208
0!
0(
#80088624
1!
1(
b1010000 2
#80099040
0!
0(
#80109456
1!
1(
b1010001 2
#80119872
0!
0(
#80130288
1!
1(
b1010010 2
#80140704
0!
0(
#80151120
1!
1(
b1010011 2
#80161536
0!
0(
#80171952
1!
1(
b1010100 2
#80182368
0!
0(
#80192784
1!
1(
b1010101 2
#80203200
0!
0(
#80213616
1!
1(
b1010110 2
#80224032
0!
0(
#80234448
1!
1(
b1010111 2
#80244864
0!
0(
#80255280
1!
1(
b1011000 2
#80265696
0!
0(
#80276112
1!
1(
b1011001 2
#80286528
0!
0(
#80296944
1!
1(
b1011010 2
#80307360
0!
0(
#80317776
1!
1(
b1011011 2
#80328192
0!
0(
#80338608
1!
1(
b1011100 2
#80349024
0!
0(
#80359440
1!
1(
b1011101 2
#80369856
0!
0(
#80380272
1!
1(
b1011110 2
#80390688
0!
0(
#80401104
1!
1(
b1011111 2
#80411520
0!
0(
#80421936
1!
1(
b1100000 2
#80432352
0!
0(
#80442768
1!
1(
b1100001 2
#80453184
0!
0(
#80463600
1!
1(
b1100010 2
#80474016
0!
0(
#80484432
1!
1(
b1100011 2
#80494848
0!
0(
#80505264
1!
1(
b1100100 2
#80515680
0!
0(
#80526096
1!
1(
b1100101 2
#80536512
0!
0(
#80546928
1!
1(
b1100110 2
#80557344
0!
0(
#80567760
1!
1(
b1100111 2
#80578176
0!
0(
#80588592
1!
1(
b1101000 2
#80599008
0!
0(
#80609424
1!
1(
b1101001 2
#80619840
0!
0(
#80630256
1!
1(
b1101010 2
#80640672
0!
0(
#80651088
1!
1(
b1101011 2
#80661504
0!
0(
#80671920
1!
1(
b1101100 2
#80682336
0!
0(
#80692752
1!
1(
b1101101 2
#80703168
0!
0(
#80713584
1!
1(
b1101110 2
#80724000
0!
0(
#80734416
1!
1(
b1101111 2
#80744832
0!
0(
#80755248
1!
1(
b1110000 2
#80765664
0!
0(
#80776080
1!
1(
b1110001 2
#80786496
0!
0(
#80796912
1!
1(
b1110010 2
#80807328
0!
0(
#80817744
1!
1(
b1110011 2
#80828160
0!
0(
#80838576
1!
1(
b1110100 2
#80848992
0!
0(
#80859408
1!
1(
b1110101 2
#80869824
0!
0(
#80880240
1!
1(
b1110110 2
#80890656
0!
0(
#80901072
1!
1(
b1110111 2
#80911488
0!
0(
#80921904
1!
1(
b1111000 2
#80932320
0!
0(
#80942736
1!
1(
b1111001 2
#80953152
0!
0(
#80963568
1!
1(
b1111010 2
#80973984
0!
0(
#80984400
1!
1(
b1111011 2
#80994816
0!
0(
#81005232
1!
1(
b1111100 2
#81015648
0!
0(
#81026064
1!
1(
b1111101 2
#81036480
0!
0(
#81046896
1!
1(
b1111110 2
#81057312
0!
0(
#81067728
1!
1(
b1111111 2
#81078144
0!
0(
#81088560
1!
1(
b10000000 2
#81098976
0!
0(
#81109392
1!
1(
b10000001 2
#81119808
0!
0(
#81130224
1!
1(
b10000010 2
#81140640
0!
0(
#81151056
1!
1(
b10000011 2
#81161472
0!
0(
#81171888
1!
1(
b10000100 2
#81182304
0!
0(
#81192720
1!
1(
b10000101 2
#81203136
0!
0(
#81213552
1!
1(
b10000110 2
#81223968
0!
0(
#81234384
1!
1(
b10000111 2
#81244800
0!
0(
#81255216
1!
1(
b10001000 2
#81265632
0!
0(
#81276048
1!
1(
b10001001 2
#81286464
0!
0(
#81296880
1!
1(
b10001010 2
#81307296
0!
0(
#81317712
1!
1(
b10001011 2
#81328128
0!
0(
#81338544
1!
1(
b10001100 2
#81348960
0!
0(
#81359376
1!
1(
b10001101 2
#81369792
0!
0(
#81380208
1!
1(
b10001110 2
#81390624
0!
0(
#81401040
1!
1(
b10001111 2
#81411456
0!
0(
#81421872
1!
1(
b10010000 2
#81432288
0!
0(
#81442704
1!
1(
b10010001 2
#81453120
0!
0(
#81463536
1!
1(
b10010010 2
#81473952
0!
0(
#81484368
1!
1(
b10010011 2
#81494784
0!
0(
#81505200
1!
1(
b10010100 2
#81515616
0!
0(
#81526032
1!
1(
b10010101 2
#81536448
0!
0(
#81546864
1!
1(
b10010110 2
#81557280
0!
0(
#81567696
1!
1(
b10010111 2
#81578112
0!
0(
#81588528
1!
1(
b10011000 2
#81598944
0!
0(
#81609360
1!
1(
b10011001 2
#81619776
0!
0(
#81630192
1!
1(
b10011010 2
#81640608
0!
0(
#81651024
1!
1(
b10011011 2
#81661440
0!
0(
#81671856
1!
1(
b10011100 2
#81682272
0!
0(
#81692688
1!
1(
b10011101 2
#81703104
0!
0(
#81713520
1!
1(
b10011110 2
#81723936
0!
0(
#81734352
1!
1(
b10011111 2
#81744768
0!
0(
#81755184
1!
1(
b10100000 2
#81765600
0!
0(
#81776016
1!
1(
b10100001 2
#81786432
0!
0(
#81796848
1!
1(
b10100010 2
#81807264
0!
0(
#81817680
1!
1(
b10100011 2
#81828096
0!
0(
#81838512
1!
1(
b10100100 2
#81848928
0!
0(
#81859344
1!
1(
b10100101 2
#81869760
0!
0(
#81880176
1!
1(
b10100110 2
#81890592
0!
0(
#81901008
1!
1(
b10100111 2
#81911424
0!
0(
#81921840
1!
1(
b10101000 2
#81932256
0!
0(
#81942672
1!
1(
b10101001 2
#81953088
0!
0(
#81963504
1!
1(
b10101010 2
#81973920
0!
0(
#81984336
1!
1(
b10101011 2
#81994752
0!
0(
#82005168
1!
1(
b10101100 2
#82015584
0!
0(
#82026000
1!
1(
b10101101 2
#82036416
0!
0(
#82046832
1!
1(
b10101110 2
#82057248
0!
0(
#82067664
1!
1(
b10101111 2
#82078080
0!
0(
#82088496
1!
1(
b10110000 2
#82098912
0!
0(
#82109328
1!
1(
b10110001 2
#82119744
0!
0(
#82130160
1!
1(
b10110010 2
#82140576
0!
0(
#82150992
1!
1(
b10110011 2
#82161408
0!
0(
#82171824
1!
1(
b10110100 2
#82182240
0!
0(
#82192656
1!
1(
b10110101 2
#82203072
0!
0(
#82213488
1!
1(
b10110110 2
#82223904
0!
0(
#82234320
1!
1(
b10110111 2
#82244736
0!
0(
#82255152
1!
1(
b10111000 2
#82265568
0!
0(
#82275984
1!
1(
b10111001 2
#82286400
0!
0(
#82296816
1!
1(
b10111010 2
#82307232
0!
0(
#82317648
1!
1(
b10111011 2
#82328064
0!
0(
#82338480
1!
1(
b10111100 2
#82348896
0!
0(
#82359312
1!
1(
b10111101 2
#82369728
0!
0(
#82380144
1!
1(
b10111110 2
#82390560
0!
0(
#82400976
1!
1(
b10111111 2
#82411392
0!
0(
#82421808
1!
1(
b11000000 2
#82432224
0!
0(
#82442640
1!
1(
b11000001 2
#82453056
0!
0(
#82463472
1!
1(
b11000010 2
#82473888
0!
0(
#82484304
1!
1(
b11000011 2
#82494720
0!
0(
#82505136
1!
1(
b11000100 2
#82515552
0!
0(
#82525968
1!
1(
b11000101 2
#82536384
0!
0(
#82546800
1!
1(
b11000110 2
#82557216
0!
0(
#82567632
1!
1(
b11000111 2
#82578048
0!
0(
#82588464
1!
1(
b11001000 2
#82598880
0!
0(
#82609296
1!
1(
b11001001 2
#82619712
0!
0(
#82630128
1!
1(
b11001010 2
#82640544
0!
0(
#82650960
1!
1(
b11001011 2
#82661376
0!
0(
#82671792
1!
1(
b11001100 2
#82682208
0!
0(
#82692624
1!
1(
b11001101 2
#82703040
0!
0(
#82713456
1!
1(
b11001110 2
#82723872
0!
0(
#82734288
1!
1(
b11001111 2
#82744704
0!
0(
#82755120
1!
1(
b11010000 2
#82765536
0!
0(
#82775952
1!
1(
b11010001 2
#82786368
0!
0(
#82796784
1!
1(
b11010010 2
#82807200
0!
0(
#82817616
1!
1(
b11010011 2
#82828032
0!
0(
#82838448
1!
1(
b11010100 2
#82848864
0!
0(
#82859280
1!
1(
b11010101 2
#82869696
0!
0(
#82880112
1!
1(
b11010110 2
#82890528
0!
0(
#82900944
1!
1(
b11010111 2
#82911360
0!
0(
#82921776
1!
1(
b11011000 2
#82932192
0!
0(
#82942608
1!
1(
b11011001 2
#82953024
0!
0(
#82963440
1!
1(
b11011010 2
#82973856
0!
0(
#82984272
1!
1(
b11011011 2
#82994688
0!
0(
#83005104
1!
1(
b11011100 2
#83015520
0!
0(
#83025936
1!
1(
b11011101 2
#83036352
0!
0(
#83046768
1!
1(
b11011110 2
#83057184
0!
0(
#83067600
1!
1(
b11011111 2
#83078016
0!
0(
#83088432
1!
1(
b11100000 2
#83098848
0!
0(
#83109264
1!
1(
b11100001 2
#83119680
0!
0(
#83130096
1!
1(
b11100010 2
#83140512
0!
0(
#83150928
1!
1(
b11100011 2
#83161344
0!
0(
#83171760
1!
1(
b11100100 2
#83182176
0!
0(
#83192592
1!
1(
b11100101 2
#83203008
0!
0(
#83213424
1!
1(
b11100110 2
#83223840
0!
0(
#83234256
1!
1(
b11100111 2
#83244672
0!
0(
#83255088
1!
1(
b11101000 2
#83265504
0!
0(
#83275920
1!
1(
b11101001 2
#83286336
0!
0(
#83296752
1!
1(
b11101010 2
#83307168
0!
0(
#83317584
1!
1(
b11101011 2
#83328000
0!
0(
#83338416
1!
1(
b11101100 2
#83348832
0!
0(
#83359248
1!
1(
b11101101 2
#83369664
0!
0(
#83380080
1!
1(
b11101110 2
#83390496
0!
0(
#83400912
1!
1(
b11101111 2
#83411328
0!
0(
#83421744
1!
1(
b11110000 2
#83432160
0!
0(
#83442576
1!
1(
b11110001 2
#83452992
0!
0(
#83463408
1!
1(
b11110010 2
#83473824
0!
0(
#83484240
1!
1(
b11110011 2
#83494656
0!
0(
#83505072
1!
1(
b11110100 2
#83515488
0!
0(
#83525904
1!
1(
b11110101 2
#83536320
0!
0(
#83546736
1!
1(
b11110110 2
#83557152
0!
0(
#83567568
1!
1(
b11110111 2
#83577984
0!
0(
#83588400
1!
1(
b11111000 2
#83598816
0!
0(
#83609232
1!
1(
b11111001 2
#83619648
0!
0(
#83630064
1!
1(
b11111010 2
#83640480
0!
0(
#83650896
1!
1(
b11111011 2
#83661312
0!
0(
#83671728
1!
1(
b11111100 2
#83682144
0!
0(
#83692560
1!
1(
b11111101 2
#83702976
0!
0(
#83713392
1!
1(
b11111110 2
#83723808
0!
0(
#83734224
1!
1(
b11111111 2
#83744640
0!
0(
#83755056
1!
1(
b100000000 2
#83765472
0!
0(
#83775888
1!
1(
b100000001 2
#83786304
0!
0(
#83796720
1!
1(
b100000010 2
#83807136
0!
0(
#83817552
1!
1(
b100000011 2
#83827968
0!
0(
#83838384
1!
1(
b100000100 2
#83848800
0!
0(
#83859216
1!
1(
b100000101 2
#83869632
0!
0(
#83880048
1!
1(
b100000110 2
#83890464
0!
0(
#83900880
1!
1(
b100000111 2
#83911296
0!
0(
#83921712
1!
1(
b100001000 2
#83932128
0!
0(
#83942544
1!
1(
b100001001 2
#83952960
0!
0(
#83963376
1!
1(
b100001010 2
#83973792
0!
0(
#83984208
1!
1(
b100001011 2
#83994624
0!
0(
#84005040
1!
1(
b100001100 2
#84015456
0!
0(
#84025872
1!
1(
b100001101 2
#84036288
0!
0(
#84046704
1!
1(
b100001110 2
#84057120
0!
0(
#84067536
1!
1(
b100001111 2
#84077952
0!
0(
#84088368
1!
1(
b100010000 2
#84098784
0!
0(
#84109200
1!
1(
b100010001 2
#84119616
0!
0(
#84130032
1!
1(
b100010010 2
#84140448
0!
0(
#84150864
1!
1(
b100010011 2
#84161280
0!
0(
#84171696
1!
1(
b100010100 2
#84182112
0!
0(
#84192528
1!
1(
b100010101 2
#84202944
0!
0(
#84213360
1!
1(
b100010110 2
#84223776
0!
0(
#84234192
1!
1(
b100010111 2
#84244608
0!
0(
#84255024
1!
1(
b100011000 2
#84265440
0!
0(
#84275856
1!
1(
b100011001 2
#84286272
0!
0(
#84296688
1!
1(
b100011010 2
#84307104
0!
0(
#84317520
1!
1(
b100011011 2
#84327936
0!
0(
#84338352
1!
1(
b100011100 2
#84348768
0!
0(
#84359184
1!
1(
b100011101 2
#84369600
0!
0(
#84380016
1!
1(
b100011110 2
#84390432
0!
0(
#84400848
1!
1(
b100011111 2
#84411264
0!
0(
#84421680
1!
1(
b100100000 2
#84432096
0!
0(
#84442512
1!
1(
b100100001 2
#84452928
0!
0(
#84463344
1!
1(
b100100010 2
#84473760
0!
0(
#84484176
1!
1(
b100100011 2
#84494592
0!
0(
#84505008
1!
1(
b100100100 2
#84515424
0!
0(
#84525840
1!
1(
b100100101 2
#84536256
0!
0(
#84546672
1!
1(
b100100110 2
#84557088
0!
0(
#84567504
1!
1(
b100100111 2
#84577920
0!
0(
#84588336
1!
1(
b100101000 2
#84598752
0!
0(
#84609168
1!
1(
b100101001 2
#84619584
0!
0(
#84630000
1!
1(
b100101010 2
#84640416
0!
0(
#84650832
1!
1(
b100101011 2
#84661248
0!
0(
#84671664
1!
1(
b100101100 2
#84682080
0!
0(
#84692496
1!
1(
b100101101 2
#84702912
0!
0(
#84713328
1!
1(
b100101110 2
#84723744
0!
0(
#84734160
1!
1(
b100101111 2
#84744576
0!
0(
#84754992
1!
1(
b100110000 2
#84765408
0!
0(
#84775824
1!
1(
b100110001 2
#84786240
0!
0(
#84796656
1!
1(
b100110010 2
#84807072
0!
0(
#84817488
1!
1(
b100110011 2
#84827904
0!
0(
#84838320
1!
1(
b100110100 2
#84848736
0!
0(
#84859152
1!
1(
b100110101 2
#84869568
0!
0(
#84879984
1!
1(
b100110110 2
#84890400
0!
0(
#84900816
1!
1(
b100110111 2
#84911232
0!
0(
#84921648
1!
1(
b100111000 2
#84932064
0!
0(
#84942480
1!
1(
b100111001 2
#84952896
0!
0(
#84963312
1!
1(
b100111010 2
#84973728
0!
0(
#84984144
1!
1(
b100111011 2
#84994560
0!
0(
#85004976
1!
1(
b100111100 2
#85015392
0!
0(
#85025808
1!
1(
b100111101 2
#85036224
0!
0(
#85046640
1!
1(
b100111110 2
#85057056
0!
0(
#85067472
1!
1(
b100111111 2
#85077888
0!
0(
#85088304
1!
1(
b101000000 2
#85098720
0!
0(
#85109136
1!
1(
b101000001 2
#85119552
0!
0(
#85129968
1!
1(
b101000010 2
#85140384
0!
0(
#85150800
1!
1(
b101000011 2
#85161216
0!
0(
#85171632
1!
1(
b101000100 2
#85182048
0!
0(
#85192464
1!
1(
b101000101 2
#85202880
0!
0(
#85213296
1!
1(
b101000110 2
#85223712
0!
0(
#85234128
1!
1(
b101000111 2
#85244544
0!
0(
#85254960
1!
1(
b101001000 2
#85265376
0!
0(
#85275792
1!
1(
b101001001 2
#85286208
0!
0(
#85296624
1!
1(
b101001010 2
#85307040
0!
0(
#85317456
1!
1(
b101001011 2
#85327872
0!
0(
#85338288
1!
1(
b101001100 2
#85348704
0!
0(
#85359120
1!
1(
b101001101 2
#85369536
0!
0(
#85379952
1!
1(
b101001110 2
#85390368
0!
0(
#85400784
1!
1(
b101001111 2
#85411200
0!
0(
#85421616
1!
1(
b101010000 2
#85432032
0!
0(
#85442448
1!
1(
b101010001 2
#85452864
0!
0(
#85463280
1!
1(
b101010010 2
#85473696
0!
0(
#85484112
1!
1(
b101010011 2
#85494528
0!
0(
#85504944
1!
1(
b101010100 2
#85515360
0!
0(
#85525776
1!
1(
b101010101 2
#85536192
0!
0(
#85546608
1!
1(
b101010110 2
#85557024
0!
0(
#85567440
1!
1(
b101010111 2
#85577856
0!
0(
#85588272
1!
1(
b101011000 2
#85598688
0!
0(
#85609104
1!
1(
b101011001 2
#85619520
0!
0(
#85629936
1!
1(
b101011010 2
#85640352
0!
0(
#85650768
1!
1(
b101011011 2
#85661184
0!
0(
#85671600
1!
1(
b101011100 2
#85682016
0!
0(
#85692432
1!
1(
b101011101 2
#85702848
0!
0(
#85713264
1!
1(
b101011110 2
#85723680
0!
0(
#85734096
1!
1(
b101011111 2
#85744512
0!
0(
#85754928
1!
1(
b101100000 2
#85765344
0!
0(
#85775760
1!
1(
b101100001 2
#85786176
0!
0(
#85796592
1!
1(
b101100010 2
#85807008
0!
0(
#85817424
1!
1(
b101100011 2
#85827840
0!
0(
#85838256
1!
1(
b101100100 2
#85848672
0!
0(
#85859088
1!
1(
b101100101 2
#85869504
0!
0(
#85879920
1!
1(
b101100110 2
#85890336
0!
0(
#85900752
1!
1(
b101100111 2
#85911168
0!
0(
#85921584
1!
1(
b101101000 2
#85932000
0!
0(
#85942416
1!
1(
b101101001 2
#85952832
0!
0(
#85963248
1!
1(
b101101010 2
#85973664
0!
0(
#85984080
1!
1(
b101101011 2
#85994496
0!
0(
#86004912
1!
1(
b101101100 2
#86015328
0!
0(
#86025744
1!
1(
b101101101 2
#86036160
0!
0(
#86046576
1!
1(
b101101110 2
#86056992
0!
0(
#86067408
1!
1(
b101101111 2
#86077824
0!
0(
#86088240
1!
1(
b101110000 2
#86098656
0!
0(
#86109072
1!
1(
b101110001 2
#86119488
0!
0(
#86129904
1!
1(
b101110010 2
#86140320
0!
0(
#86150736
1!
1(
b101110011 2
#86161152
0!
0(
#86171568
1!
1(
b101110100 2
#86181984
0!
0(
#86192400
1!
1(
b101110101 2
#86202816
0!
0(
#86213232
1!
1(
b101110110 2
#86223648
0!
0(
#86234064
1!
1(
b101110111 2
#86244480
0!
0(
#86254896
1!
1(
b101111000 2
#86265312
0!
0(
#86275728
1!
1(
b101111001 2
#86286144
0!
0(
#86296560
1!
1(
b101111010 2
#86306976
0!
0(
#86317392
1!
1(
b101111011 2
#86327808
0!
0(
#86338224
1!
1(
b101111100 2
#86348640
0!
0(
#86359056
1!
1(
b101111101 2
#86369472
0!
0(
#86379888
1!
1(
b101111110 2
#86390304
0!
0(
#86400720
1!
1(
b101111111 2
#86411136
0!
0(
#86421552
1!
1(
b110000000 2
#86431968
0!
0(
#86442384
1!
1(
b110000001 2
#86452800
0!
0(
#86463216
1!
1(
b110000010 2
#86473632
0!
0(
#86484048
1!
1(
b110000011 2
#86494464
0!
0(
#86504880
1!
1(
b110000100 2
#86515296
0!
0(
#86525712
1!
1(
b110000101 2
#86536128
0!
0(
#86546544
1!
1(
b110000110 2
#86556960
0!
0(
#86567376
1!
1(
b110000111 2
#86577792
0!
0(
#86588208
1!
1(
b110001000 2
#86598624
0!
0(
#86609040
1!
1(
b110001001 2
#86619456
0!
0(
#86629872
1!
1(
b110001010 2
#86640288
0!
0(
#86650704
1!
1(
b110001011 2
#86661120
0!
0(
#86671536
1!
1(
b110001100 2
#86681952
0!
0(
#86692368
1!
1(
b110001101 2
#86702784
0!
0(
#86713200
1!
1(
b110001110 2
#86723616
0!
0(
#86734032
1!
1(
b110001111 2
#86744448
0!
0(
#86754864
1!
1(
b110010000 2
#86765280
0!
0(
#86775696
1!
1(
b110010001 2
#86786112
0!
0(
#86796528
1!
1(
b110010010 2
#86806944
0!
0(
#86817360
1!
1(
b110010011 2
#86827776
0!
0(
#86838192
1!
1(
b110010100 2
#86848608
0!
0(
#86859024
1!
1(
b110010101 2
#86869440
0!
0(
#86879856
1!
1(
b110010110 2
#86890272
0!
0(
#86900688
1!
1(
b110010111 2
#86911104
0!
0(
#86921520
1!
1(
b110011000 2
#86931936
0!
0(
#86942352
1!
1(
b110011001 2
#86952768
0!
0(
#86963184
1!
1(
b110011010 2
#86973600
0!
0(
#86984016
1!
1(
b110011011 2
#86994432
0!
0(
#87004848
1!
1(
b110011100 2
#87015264
0!
0(
#87025680
1!
1(
b110011101 2
#87036096
0!
0(
#87046512
1!
1(
b110011110 2
#87056928
0!
0(
#87067344
1!
1(
b110011111 2
#87077760
0!
0(
#87088176
1!
1(
b110100000 2
#87098592
0!
0(
#87109008
1!
1(
b0 2
06
17
b0 1
1'
0&
#87119424
0!
0(
#87129840
1!
1(
07
0'
#87140256
0!
0(
#87150672
1!
1(
#87161088
0!
0(
#87171504
1!
1(
#87181920
0!
0(
#87192336
1!
1(
#87202752
0!
0(
#87213168
1!
1(
#87223584
0!
0(
#87234000
1!
1(
#87244416
0!
0(
#87254832
1!
1(
#87265248
0!
0(
#87275664
1!
1(
#87286080
0!
0(
#87296496
1!
1(
#87306912
0!
0(
#87317328
1!
1(
#87327744
0!
0(
#87338160
1!
1(
#87348576
0!
0(
#87358992
1!
1(
#87369408
0!
0(
#87379824
1!
1(
#87390240
0!
0(
#87400656
1!
1(
#87411072
0!
0(
#87421488
1!
1(
#87431904
0!
0(
#87442320
1!
1(
#87452736
0!
0(
#87463152
1!
1(
#87473568
0!
0(
#87483984
1!
1(
#87494400
0!
0(
#87504816
1!
1(
#87515232
0!
0(
#87525648
1!
1(
#87536064
0!
0(
#87546480
1!
1(
#87556896
0!
0(
#87567312
1!
1(
#87577728
0!
0(
#87588144
1!
1(
#87598560
0!
0(
#87608976
1!
1(
#87619392
0!
0(
#87629808
1!
1(
#87640224
0!
0(
#87650640
1!
1(
#87661056
0!
0(
#87671472
1!
1(
#87681888
0!
0(
#87692304
1!
1(
#87702720
0!
0(
#87713136
1!
1(
#87723552
0!
0(
#87733968
1!
1(
#87744384
0!
0(
#87754800
1!
1(
#87765216
0!
0(
#87775632
1!
1(
#87786048
0!
0(
#87796464
1!
1(
#87806880
0!
0(
#87817296
1!
1(
#87827712
0!
0(
#87838128
1!
1(
#87848544
0!
0(
#87858960
1!
1(
#87869376
0!
0(
#87879792
1!
1(
#87890208
0!
0(
#87900624
1!
1(
#87911040
0!
0(
#87921456
1!
1(
#87931872
0!
0(
#87942288
1!
1(
#87952704
0!
0(
#87963120
1!
1(
#87973536
0!
0(
#87983952
1!
1(
#87994368
0!
0(
#88004784
1!
1(
#88015200
0!
0(
#88025616
1!
1(
#88036032
0!
0(
#88046448
1!
1(
#88056864
0!
0(
#88067280
1!
1(
#88077696
0!
0(
#88088112
1!
1(
#88098528
0!
0(
#88108944
1!
1(
#88109008
